Date,Daily Return
2009-06-22,0.0
2009-06-23,0.0
2009-06-24,0.0
2009-06-25,0.0
2009-06-26,0.0
2009-06-27,0.0
2009-06-28,0.0
2009-06-29,0.0
2009-06-30,0.0
2009-07-01,0.0
2009-07-02,0.0
2009-07-03,0.0
2009-07-04,0.0
2009-07-05,0.0
2009-07-06,0.0
2009-07-07,0.0
2009-07-08,0.0
2009-07-09,0.0
2009-07-10,0.0
2009-07-11,0.0
2009-07-12,0.0
2009-07-13,0.0
2009-07-14,0.0
2009-07-15,0.0
2009-07-16,0.0
2009-07-17,0.0
2009-07-18,0.0
2009-07-19,0.0
2009-07-20,0.0
2009-07-21,0.0
2009-07-22,0.0
2009-07-23,0.0
2009-07-24,0.0
2009-07-25,0.0
2009-07-26,0.0
2009-07-27,0.0
2009-07-28,0.0
2009-07-29,0.0
2009-07-30,0.0
2009-07-31,0.0
2009-08-01,0.0
2009-08-02,0.0
2009-08-03,0.0
2009-08-04,0.0
2009-08-05,0.0
2009-08-06,0.0
2009-08-07,0.0
2009-08-08,0.0
2009-08-09,0.0
2009-08-10,0.0
2009-08-11,0.0
2009-08-12,0.0
2009-08-13,0.0
2009-08-14,0.0
2009-08-15,0.0
2009-08-16,0.0
2009-08-17,0.0
2009-08-18,0.0
2009-08-19,0.0
2009-08-20,0.0
2009-08-21,0.0
2009-08-22,0.0
2009-08-23,0.0
2009-08-24,0.0
2009-08-25,0.0
2009-08-26,0.0
2009-08-27,0.0
2009-08-28,0.0
2009-08-29,0.0
2009-08-30,0.0
2009-08-31,0.0
2009-09-01,0.0
2009-09-02,0.0
2009-09-03,0.005446599095186411
2009-09-04,0.0
2009-09-05,0.0
2009-09-06,0.0
2009-09-07,0.0
2009-09-08,0.00946648900456415
2009-09-09,0.011723778469305626
2009-09-10,-0.011191277447344623
2009-09-11,0.0
2009-09-12,0.0
2009-09-13,0.0
2009-09-14,0.0
2009-09-15,0.0
2009-09-16,0.0
2009-09-17,-0.005641905057828848
2009-09-18,0.0
2009-09-19,0.0
2009-09-20,0.0
2009-09-21,0.048467510838253514
2009-09-22,-0.02835564993374229
2009-09-23,-0.007744513497503915
2009-09-24,-0.004745074756220579
2009-09-25,0.0
2009-09-26,0.0
2009-09-27,0.0
2009-09-28,-0.010763729661026789
2009-09-29,-0.002838322730609022
2009-09-30,-0.028092867159047456
2009-10-01,0.006273193407735734
2009-10-02,0.0
2009-10-03,0.0
2009-10-04,0.0
2009-10-05,0.0
2009-10-06,0.0
2009-10-07,0.020293216807764525
2009-10-08,0.027279464102375917
2009-10-09,0.0
2009-10-10,0.0
2009-10-11,0.0
2009-10-12,-0.009828200580078494
2009-10-13,0.04521913357780606
2009-10-14,-0.019960214253918602
2009-10-15,-0.009945588806754429
2009-10-16,0.0
2009-10-17,0.0
2009-10-18,0.0
2009-10-19,-0.008171693469744692
2009-10-20,0.004387701884726914
2009-10-21,0.003765060746571251
2009-10-22,-0.014850187042671806
2009-10-23,0.0
2009-10-24,0.0
2009-10-25,0.0
2009-10-26,-0.016763272976116635
2009-10-27,0.029038762294090387
2009-10-28,-0.03917337440443894
2009-10-29,0.019760490026259608
2009-10-30,0.0
2009-10-31,0.0
2009-11-01,0.0
2009-11-02,-0.00043020925696057866
2009-11-03,0.006992118907586909
2009-11-04,0.002046530054176984
2009-11-05,0.0020252733725116454
2009-11-06,0.0
2009-11-07,0.0
2009-11-08,0.0
2009-11-09,-0.012503143261785699
2009-11-10,0.007693893987243473
2009-11-11,0.0011703016748851134
2009-11-12,0.0005577444046350917
2009-11-13,0.0
2009-11-14,0.0
2009-11-15,0.0
2009-11-16,-0.0059843133963739525
2009-11-17,-0.00260070056263108
2009-11-18,-0.013879103586018633
2009-11-19,-0.0031801291345396167
2009-11-20,0.0
2009-11-21,0.0
2009-11-22,0.0
2009-11-23,-0.009177181020104928
2009-11-24,0.00407224517792279
2009-11-25,0.0
2009-11-26,0.0
2009-11-27,0.0
2009-11-28,0.0
2009-11-29,0.0
2009-11-30,-0.00013458860327317766
2009-12-01,-0.0011310041326134802
2009-12-02,-0.00497565925447227
2009-12-03,0.011560770714361901
2009-12-04,0.0
2009-12-05,0.0
2009-12-06,0.0
2009-12-07,-0.013226231348122213
2009-12-08,0.003472264409722819
2009-12-09,0.001294496496618942
2009-12-10,0.009743871688941674
2009-12-11,0.0
2009-12-12,0.0
2009-12-13,0.0
2009-12-14,-0.006916583191300103
2009-12-15,0.012018317576972817
2009-12-16,-0.013410557262308703
2009-12-17,-0.005405931818063212
2009-12-18,0.0
2009-12-19,0.0
2009-12-20,0.0
2009-12-21,-0.03204366792607989
2009-12-22,0.0019150466140912875
2009-12-23,0.004387734509026085
2009-12-24,0.0
2009-12-25,0.0
2009-12-26,0.0
2009-12-27,0.0
2009-12-28,-0.0050869981854578875
2009-12-29,0.01401648798635824
2009-12-30,0.003648116374268996
2009-12-31,0.0
2010-01-01,0.0
2010-01-02,0.0
2010-01-03,0.0
2010-01-04,-0.014496635986476325
2010-01-05,-0.013683494289375611
2010-01-06,0.01699838021672189
2010-01-07,-0.005879360434282822
2010-01-08,0.0
2010-01-09,0.0
2010-01-10,0.0
2010-01-11,-0.0030864737284453155
2010-01-12,-0.021289108889251437
2010-01-13,0.002481515754023992
2010-01-14,-0.0036848489671268136
2010-01-15,0.0
2010-01-16,0.0
2010-01-17,0.0
2010-01-18,0.0
2010-01-19,-0.013112258482012541
2010-01-20,0.005736882273949427
2010-01-21,-0.002578073760015247
2010-01-22,0.0
2010-01-23,0.0
2010-01-24,0.0
2010-01-25,-0.007238598382134635
2010-01-26,0.024064519402690453
2010-01-27,0.0011936395129882563
2010-01-28,-0.0024261058537557298
2010-01-29,0.0
2010-01-30,0.0
2010-01-31,0.0
2010-02-01,0.006955102030999566
2010-02-02,0.00800110330783579
2010-02-03,-0.007696306910029393
2010-02-04,-3.169980590763885e-05
2010-02-05,0.0
2010-02-06,0.0
2010-02-07,0.0
2010-02-08,0.00922497184041
2010-02-09,-0.029549129038057814
2010-02-10,0.045261064214905875
2010-02-11,-0.0011495215025338107
2010-02-12,0.0
2010-02-13,0.0
2010-02-14,0.0
2010-02-15,0.0
2010-02-16,0.008220250661595029
2010-02-17,0.000748320523132551
2010-02-18,0.0019624799412853323
2010-02-19,0.0
2010-02-20,0.0
2010-02-21,0.0
2010-02-22,0.01890748081105137
2010-02-23,-0.010442846858690586
2010-02-24,0.00034852495598888594
2010-02-25,-0.00013061284306948955
2010-02-26,0.0
2010-02-27,0.0
2010-02-28,0.0
2010-03-01,0.02793745101730307
2010-03-02,0.009129149808755935
2010-03-03,0.007373904521659029
2010-03-04,0.0018612745480240545
2010-03-05,0.0
2010-03-06,0.0
2010-03-07,0.0
2010-03-08,-0.013535334258604797
2010-03-09,-0.008230539220207597
2010-03-10,0.0014793521336396226
2010-03-11,0.0024540912286256343
2010-03-12,0.0
2010-03-13,0.0
2010-03-14,0.0
2010-03-15,-0.008499303490982272
2010-03-16,-0.0029866223003459265
2010-03-17,-0.003828058352902933
2010-03-18,-0.00344302935950745
2010-03-19,0.0
2010-03-20,0.0
2010-03-21,0.0
2010-03-22,-0.0012562822542263917
2010-03-23,-0.009606068260578575
2010-03-24,-0.0033975875824112183
2010-03-25,0.004491466170599701
2010-03-26,0.0
2010-03-27,0.0
2010-03-28,0.0
2010-03-29,-0.002083930770032351
2010-03-30,-0.00343374902173533
2010-03-31,0.0036056945980360105
2010-04-01,0.0
2010-04-02,0.0
2010-04-03,0.0
2010-04-04,0.0
2010-04-05,0.010179088180126706
2010-04-06,-0.002450712716709287
2010-04-07,-0.0015141048413539937
2010-04-08,0.0052684185988761695
2010-04-09,0.0
2010-04-10,0.0
2010-04-11,0.0
2010-04-12,-0.002992420377873728
2010-04-13,0.0170692996929054
2010-04-14,-0.010127132413778713
2010-04-15,-0.012041612848697487
2010-04-16,0.0
2010-04-17,0.0
2010-04-18,0.0
2010-04-19,0.008288919168958197
2010-04-20,0.004728931265959057
2010-04-21,0.007646037744774479
2010-04-22,0.00417862847388856
2010-04-23,0.0
2010-04-24,0.0
2010-04-25,0.0
2010-04-26,-0.0015953125730539443
2010-04-27,0.005927531041264648
2010-04-28,0.021054064208453946
2010-04-29,0.009512055009675781
2010-04-30,0.0
2010-05-01,0.0
2010-05-02,0.0
2010-05-03,0.0025909741430354787
2010-05-04,0.0032192718973761835
2010-05-05,0.009113975479491363
2010-05-06,-0.003540565301856569
2010-05-07,0.0
2010-05-08,0.0
2010-05-09,0.0
2010-05-10,0.0
2010-05-11,0.0075624923698875465
2010-05-12,-0.009627480752818217
2010-05-13,0.010002869158742864
2010-05-14,0.0
2010-05-15,0.0
2010-05-16,0.0
2010-05-17,-0.012265793428835256
2010-05-18,0.005225665895961393
2010-05-19,0.0034330710041282236
2010-05-20,0.011653356470603882
2010-05-21,0.0
2010-05-22,0.0
2010-05-23,0.0
2010-05-24,0.005578250402490748
2010-05-25,0.0006413778789043788
2010-05-26,0.01343480063859077
2010-05-27,-0.00469797372637952
2010-05-28,0.0
2010-05-29,0.0
2010-05-30,0.0
2010-05-31,0.0
2010-06-01,0.006326221244788772
2010-06-02,0.007974460884128034
2010-06-03,0.006637489639411054
2010-06-04,0.0
2010-06-05,0.0
2010-06-06,0.0
2010-06-07,0.006989202238520807
2010-06-08,-0.005230468051638081
2010-06-09,0.008599808509417804
2010-06-10,0.0036884853846962935
2010-06-11,0.0
2010-06-12,0.0
2010-06-13,0.0
2010-06-14,-0.023448787317682594
2010-06-15,-0.010118342110952076
2010-06-16,0.0039018929040105866
2010-06-17,-0.0016777477317355982
2010-06-18,0.0
2010-06-19,0.0
2010-06-20,0.0
2010-06-21,0.00448858519360347
2010-06-22,-0.006374152239186952
2010-06-23,0.003450738012928301
2010-06-24,0.005561029124080343
2010-06-25,0.0
2010-06-26,0.0
2010-06-27,0.0
2010-06-28,-0.022844733198911907
2010-06-29,-0.00261036217156367
2010-06-30,-0.0005223092092492493
2010-07-01,0.005635502719579683
2010-07-02,0.0
2010-07-03,0.0
2010-07-04,0.0
2010-07-05,0.0
2010-07-06,0.031998101814660285
2010-07-07,-0.00125788147843507
2010-07-08,0.007140959552479278
2010-07-09,0.0
2010-07-10,0.0
2010-07-11,0.0
2010-07-12,-0.010348105379016292
2010-07-13,0.006027387075166301
2010-07-14,0.0022664406982994636
2010-07-15,-0.003796896716464563
2010-07-16,0.0
2010-07-17,0.0
2010-07-18,0.0
2010-07-19,0.010187132374462303
2010-07-20,-0.0014835326374278307
2010-07-21,0.0065002685080153
2010-07-22,-0.0005075689587927246
2010-07-23,0.0
2010-07-24,0.0
2010-07-25,0.0
2010-07-26,0.0017053530576263782
2010-07-27,-0.0008107548885995935
2010-07-28,0.0018544043685899598
2010-07-29,-0.002817077897282174
2010-07-30,0.0
2010-07-31,0.0
2010-08-01,0.0
2010-08-02,-0.004069152931462464
2010-08-03,-4.675000935888557e-05
2010-08-04,0.005855573982402363
2010-08-05,0.0012228938531969034
2010-08-06,0.0
2010-08-07,0.0
2010-08-08,0.0
2010-08-09,0.0
2010-08-10,0.03535450446974745
2010-08-11,0.0018563029746096298
2010-08-12,-0.0011390740660421957
2010-08-13,0.0
2010-08-14,0.0
2010-08-15,0.0
2010-08-16,0.0010828082250995527
2010-08-17,0.0037847671396886444
2010-08-18,-0.0037407407190319037
2010-08-19,0.0040349565878202796
2010-08-20,0.0
2010-08-21,0.0
2010-08-22,0.0
2010-08-23,-0.009204167149912474
2010-08-24,0.011531730316110364
2010-08-25,-0.006501355556610384
2010-08-26,0.00829248056889656
2010-08-27,0.0
2010-08-28,0.0
2010-08-29,0.0
2010-08-30,-0.0018339406951272644
2010-08-31,0.0296998083332326
2010-09-01,-0.001527661733631974
2010-09-02,0.004342866378048924
2010-09-03,0.0
2010-09-04,0.0
2010-09-05,0.0
2010-09-06,0.0
2010-09-07,0.004494628368424734
2010-09-08,0.003566911132028217
2010-09-09,0.0020073496115427577
2010-09-10,0.0
2010-09-11,0.0
2010-09-12,0.0
2010-09-13,0.005634321216758908
2010-09-14,0.00044380889165678353
2010-09-15,-0.0064805374203498346
2010-09-16,-0.0035731137737707247
2010-09-17,0.0
2010-09-18,0.0
2010-09-19,0.0
2010-09-20,0.0020246372389206013
2010-09-21,0.00204745583120441
2010-09-22,-0.004708679385192628
2010-09-23,0.0023587799267809897
2010-09-24,0.0
2010-09-25,0.0
2010-09-26,0.0
2010-09-27,0.004396019431128081
2010-09-28,0.01086087454239321
2010-09-29,2.569477851810018e-05
2010-09-30,0.0015264389669284145
2010-10-01,0.0
2010-10-02,0.0
2010-10-03,0.0
2010-10-04,0.0008509047154585613
2010-10-05,-0.003471627907925342
2010-10-06,0.004306280125898993
2010-10-07,0.005389336456112191
2010-10-08,0.0
2010-10-09,0.0
2010-10-10,0.0
2010-10-11,0.003745062023878081
2010-10-12,0.0010847515867431082
2010-10-13,0.0016727203470141587
2010-10-14,0.0030867634244149587
2010-10-15,0.0
2010-10-16,0.0
2010-10-17,0.0
2010-10-18,-0.02425631344599854
2010-10-19,-0.003962491415378371
2010-10-20,0.01039850665339755
2010-10-21,0.0011063891132179029
2010-10-22,0.0
2010-10-23,0.0
2010-10-24,0.0
2010-10-25,-0.01779198635367548
2010-10-26,-0.0014084602570681678
2010-10-27,0.0006450943743072602
2010-10-28,-0.001961990230437226
2010-10-29,0.0
2010-10-30,0.0
2010-10-31,0.0
2010-11-01,0.005421871474080229
2010-11-02,0.003707820923571143
2010-11-03,0.000857534326363749
2010-11-04,0.0033976370344923268
2010-11-05,0.0
2010-11-06,0.0
2010-11-07,0.0
2010-11-08,0.0011025004867073554
2010-11-09,0.0007271829466882929
2010-11-10,-0.0033353421529948328
2010-11-11,-0.005867944718232263
2010-11-12,0.0
2010-11-13,0.0
2010-11-14,0.0
2010-11-15,-0.011135679919593439
2010-11-16,0.0020971340846061724
2010-11-17,0.0033069731800336004
2010-11-18,-0.00501083348337519
2010-11-19,0.0
2010-11-20,0.0
2010-11-21,0.0
2010-11-22,-0.00436196465133681
2010-11-23,0.01468770988245267
2010-11-24,0.0
2010-11-25,0.0
2010-11-26,0.0
2010-11-27,0.0
2010-11-28,0.0
2010-11-29,-0.0044771919373803315
2010-11-30,0.010901581902658136
2010-12-01,0.00697038835944761
2010-12-02,-0.00039137305098634046
2010-12-03,0.0
2010-12-04,0.0
2010-12-05,0.0
2010-12-06,-0.0025688816318636455
2010-12-07,-0.0050964195172875934
2010-12-08,0.011681109862394047
2010-12-09,0.011432758982361194
2010-12-10,0.0
2010-12-11,0.0
2010-12-12,0.0
2010-12-13,-0.006055753447324542
2010-12-14,-0.007061976197750249
2010-12-15,0.00948104997866818
2010-12-16,0.005082376095281852
2010-12-17,0.0
2010-12-18,0.0
2010-12-19,0.0
2010-12-20,0.004346108545379769
2010-12-21,-0.0037471247970119366
2010-12-22,-0.0005714339750889902
2010-12-23,0.0
2010-12-24,0.0
2010-12-25,0.0
2010-12-26,0.0
2010-12-27,-0.0032923043667623187
2010-12-28,0.0007466493583469422
2010-12-29,0.00042022070364818487
2010-12-30,0.0006326169408977839
2010-12-31,0.0
2011-01-01,0.0
2011-01-02,0.0
2011-01-03,0.01712564559250753
2011-01-04,0.0007138607186039538
2011-01-05,0.0036311265237649925
2011-01-06,-0.0006943737088500371
2011-01-07,0.0
2011-01-08,0.0
2011-01-09,0.0
2011-01-10,-0.000871352113297163
2011-01-11,0.006045886163646017
2011-01-12,-0.0006736028488563266
2011-01-13,0.0011888649812200436
2011-01-14,0.0
2011-01-15,0.0
2011-01-16,0.0
2011-01-17,0.0
2011-01-18,0.010876888024200511
2011-01-19,0.013030194519191567
2011-01-20,0.006740971805948249
2011-01-21,0.0
2011-01-22,0.0
2011-01-23,0.0
2011-01-24,0.0083542878471029
2011-01-25,-0.0031085017179688593
2011-01-26,0.0027278628704322442
2011-01-27,0.006111679483723833
2011-01-28,0.0
2011-01-29,0.0
2011-01-30,0.0
2011-01-31,0.019086714344218415
2011-02-01,-0.00898561259932801
2011-02-02,0.004039209105839665
2011-02-03,0.0021463864319846756
2011-02-04,0.0
2011-02-05,0.0
2011-02-06,0.0
2011-02-07,0.003661507708249841
2011-02-08,-0.007297336807164828
2011-02-09,0.0037187581515305563
2011-02-10,-0.0005197213557035073
2011-02-11,0.0
2011-02-12,0.0
2011-02-13,0.0
2011-02-14,0.008404883827295408
2011-02-15,-0.004504317107025294
2011-02-16,0.0003309657706569376
2011-02-17,0.003902640359810397
2011-02-18,0.0
2011-02-19,0.0
2011-02-20,0.0
2011-02-21,0.0
2011-02-22,0.02720829148844025
2011-02-23,-0.0035407215224132382
2011-02-24,0.0012623805160164978
2011-02-25,0.0
2011-02-26,0.0
2011-02-27,0.0
2011-02-28,-0.0170904157728925
2011-03-01,0.0007727628483268599
2011-03-02,0.008477601362051933
2011-03-03,-0.0026429534199756766
2011-03-04,0.0
2011-03-05,0.0
2011-03-06,0.0
2011-03-07,0.010850582309373673
2011-03-08,0.0051309612998827305
2011-03-09,-0.0016234773173959159
2011-03-10,0.00158891174554891
2011-03-11,0.0
2011-03-12,0.0
2011-03-13,0.0
2011-03-14,-0.014345494598129966
2011-03-15,-0.006342885443075843
2011-03-16,0.007970333501412253
2011-03-17,-0.0019780516807506032
2011-03-18,0.0
2011-03-19,0.0
2011-03-20,0.0
2011-03-21,0.0040991464392979935
2011-03-22,0.0006835947988566946
2011-03-23,-0.001233426170907517
2011-03-24,0.005708055404362405
2011-03-25,0.0
2011-03-26,0.0
2011-03-27,0.0
2011-03-28,0.010736683175195562
2011-03-29,0.006228713390552644
2011-03-30,-0.0028638364930683546
2011-03-31,-0.0007081094271805354
2011-04-01,0.0
2011-04-02,0.0
2011-04-03,0.0
2011-04-04,-0.012064222643359402
2011-04-05,-0.002843392585765212
2011-04-06,-0.0007489219347797476
2011-04-07,-0.0010255413873873432
2011-04-08,0.0
2011-04-09,0.0
2011-04-10,0.0
2011-04-11,-0.005663235940247945
2011-04-12,0.00039737961983988504
2011-04-13,0.0006605339495607202
2011-04-14,0.004630620450223576
2011-04-15,0.0
2011-04-16,0.0
2011-04-17,0.0
2011-04-18,0.0028628957706407225
2011-04-19,0.012457380429340302
2011-04-20,0.0019352172711486115
2011-04-21,0.0
2011-04-22,0.0
2011-04-23,0.0
2011-04-24,0.0
2011-04-25,0.0022733366526478506
2011-04-26,9.156877355815068e-05
2011-04-27,0.003413619073154557
2011-04-28,0.007418837749506983
2011-04-29,0.0
2011-04-30,0.0
2011-05-01,0.0
2011-05-02,0.0013698124411878182
2011-05-03,0.0025335237030893226
2011-05-04,0.0019053413666377647
2011-05-05,0.001404711834400813
2011-05-06,0.0
2011-05-07,0.0
2011-05-08,0.0
2011-05-09,0.0034364772106136037
2011-05-10,-0.002280664677380358
2011-05-11,0.0046264844113737625
2011-05-12,0.0009457519679758604
2011-05-13,0.0
2011-05-14,0.0
2011-05-15,0.0
2011-05-16,-0.001633239575908988
2011-05-17,0.003568388459385264
2011-05-18,0.0038465104995949735
2011-05-19,0.0018547661131554333
2011-05-20,0.0
2011-05-21,0.0
2011-05-22,0.0
2011-05-23,0.00575851362407038
2011-05-24,0.00889214509881047
2011-05-25,0.0029144044731785786
2011-05-26,0.005243286971274977
2011-05-27,0.0
2011-05-28,0.0
2011-05-29,0.0
2011-05-30,0.0
2011-05-31,-0.0008033190299974206
2011-06-01,0.0037207317604019017
2011-06-02,-0.004517223821279505
2011-06-03,0.0
2011-06-04,0.0
2011-06-05,0.0
2011-06-06,0.00129487218251229
2011-06-07,-0.003092515004094983
2011-06-08,0.003190131681162948
2011-06-09,0.005750391272257824
2011-06-10,0.0
2011-06-11,0.0
2011-06-12,0.0
2011-06-13,-0.010974128048396046
2011-06-14,0.00022452111585581183
2011-06-15,-0.0022844554866797697
2011-06-16,0.006733615814185566
2011-06-17,0.0
2011-06-18,0.0
2011-06-19,0.0
2011-06-20,0.008616959983926937
2011-06-21,-0.008698313264607982
2011-06-22,-0.00725388079357375
2011-06-23,-0.007916966680454038
2011-06-24,0.0
2011-06-25,0.0
2011-06-26,0.0
2011-06-27,0.01651464477462958
2011-06-28,0.002903825501186259
2011-06-29,0.004595057144783398
2011-06-30,-0.0025785751087234335
2011-07-01,0.0
2011-07-02,0.0
2011-07-03,0.0
2011-07-04,0.0
2011-07-05,0.005957623588868227
2011-07-06,-0.005012670413805896
2011-07-07,0.0009597289580031206
2011-07-08,0.0
2011-07-09,0.0
2011-07-10,0.0
2011-07-11,-0.007537029522321159
2011-07-12,0.004904950983411329
2011-07-13,0.004599181619469955
2011-07-14,0.004587688588712536
2011-07-15,0.0
2011-07-16,0.0
2011-07-17,0.0
2011-07-18,0.0072845676699310295
2011-07-19,0.0008151315954356229
2011-07-20,0.0023759487492951816
2011-07-21,-0.004045402372307934
2011-07-22,0.0
2011-07-23,0.0
2011-07-24,0.0
2011-07-25,-0.012679129276943047
2011-07-26,-0.003092856206173882
2011-07-27,-0.003798070110984033
2011-07-28,-0.004460250394552222
2011-07-29,0.0
2011-07-30,0.0
2011-07-31,0.0
2011-08-01,0.004323537260397173
2011-08-02,-0.007934227581157903
2011-08-03,0.0027502246962729047
2011-08-04,0.009963517304051327
2011-08-05,0.0
2011-08-06,0.0
2011-08-07,0.0
2011-08-08,0.10138701675452078
2011-08-09,0.0433162999085016
2011-08-10,0.022976323052489343
2011-08-11,0.00020202455104498815
2011-08-12,0.0
2011-08-13,0.0
2011-08-14,0.0
2011-08-15,0.011387669738233172
2011-08-16,0.008145571062542665
2011-08-17,0.014231567731355765
2011-08-18,-0.005369356540239777
2011-08-19,0.0
2011-08-20,0.0
2011-08-21,0.0
2011-08-22,0.011544844858018207
2011-08-23,-0.012501763673739884
2011-08-24,0.007042323775177856
2011-08-25,-0.008943865169010192
2011-08-26,0.0
2011-08-27,0.0
2011-08-28,0.0
2011-08-29,0.014261810332009699
2011-08-30,-0.002246474643672663
2011-08-31,0.014795237366044786
2011-09-01,0.0074496761584530785
2011-09-02,0.0
2011-09-03,0.0
2011-09-04,0.0
2011-09-05,0.0
2011-09-06,-0.020478078452487728
2011-09-07,0.009524645105334307
2011-09-08,0.04237756396426776
2011-09-09,0.0
2011-09-10,0.0
2011-09-11,0.0
2011-09-12,0.0
2011-09-13,0.006331419930314038
2011-09-14,-0.024281474188643973
2011-09-15,-0.0012667365465280761
2011-09-16,0.0
2011-09-17,0.0
2011-09-18,0.0
2011-09-19,0.0
2011-09-20,0.02065192804387752
2011-09-21,0.014724194811441434
2011-09-22,-0.006430676435600548
2011-09-23,0.0
2011-09-24,0.0
2011-09-25,0.0
2011-09-26,-0.02574440563942822
2011-09-27,0.0010114188084334673
2011-09-28,-0.012656497398965955
2011-09-29,0.0031817116353333812
2011-09-30,0.0
2011-10-01,0.0
2011-10-02,0.0
2011-10-03,-0.00028910762580422727
2011-10-04,0.004295201397636967
2011-10-05,-0.003254867773141463
2011-10-06,-0.005465042890737835
2011-10-07,0.0
2011-10-08,0.0
2011-10-09,0.0
2011-10-10,0.02391575640828081
2011-10-11,0.031579673095659636
2011-10-12,-0.001104417715681714
2011-10-13,-0.0010394246276292565
2011-10-14,0.0
2011-10-15,0.0
2011-10-16,0.0
2011-10-17,0.011490820270794313
2011-10-18,0.0015891252146043933
2011-10-19,0.002441541669693202
2011-10-20,0.007257159642405834
2011-10-21,0.0
2011-10-22,0.0
2011-10-23,0.0
2011-10-24,-0.019915346494440163
2011-10-25,0.012781496511313746
2011-10-26,0.005948372264307556
2011-10-27,-0.006369650090989784
2011-10-28,0.0
2011-10-29,0.0
2011-10-30,0.0
2011-10-31,1.2079656920309725e-05
2011-11-01,0.008536015375378573
2011-11-02,0.003175881781489257
2011-11-03,0.004164154758990926
2011-11-04,0.0
2011-11-05,0.0
2011-11-06,0.0
2011-11-07,-0.00022313491818093693
2011-11-08,-0.005859713291438207
2011-11-09,0.006136122171939436
2011-11-10,0.0173956992100659
2011-11-11,0.0
2011-11-12,0.0
2011-11-13,0.0
2011-11-14,0.010557449685266432
2011-11-15,-0.01118369936551879
2011-11-16,0.005767913474173238
2011-11-17,-0.0007110846334614784
2011-11-18,0.0
2011-11-19,0.0
2011-11-20,0.0
2011-11-21,-0.0023010006003558285
2011-11-22,0.013750172339403555
2011-11-23,0.0
2011-11-24,0.0
2011-11-25,0.0
2011-11-26,0.0
2011-11-27,0.0
2011-11-28,0.004585241104730322
2011-11-29,-0.005605345563120106
2011-11-30,-0.0009715581003339898
2011-12-01,0.0017780328901636107
2011-12-02,0.0
2011-12-03,0.0
2011-12-04,0.0
2011-12-05,0.01112748942392586
2011-12-06,-0.0008216299365979758
2011-12-07,-0.011731280090416622
2011-12-08,0.008548340639558609
2011-12-09,0.0
2011-12-10,0.0
2011-12-11,0.0
2011-12-12,-0.0019725245221420273
2011-12-13,-0.0002799482651498432
2011-12-14,-0.001781549790788481
2011-12-15,0.0018465933340656025
2011-12-16,0.0
2011-12-17,0.0
2011-12-18,0.0
2011-12-19,-0.021779354550511134
2011-12-20,0.008724212225245099
2011-12-21,-0.0010626659764840693
2011-12-22,0.006860326006326769
2011-12-23,0.0
2011-12-24,0.0
2011-12-25,0.0
2011-12-26,0.0
2011-12-27,0.01552309260655949
2011-12-28,-0.013837842377095667
2011-12-29,0.0028992626011233335
2011-12-30,0.0
2011-12-31,0.0
2012-01-01,0.0
2012-01-02,0.0
2012-01-03,0.0013956292307061664
2012-01-04,0.0015061270880654663
2012-01-05,0.004395321697996155
2012-01-06,0.0
2012-01-07,0.0
2012-01-08,0.0
2012-01-09,0.0
2012-01-10,0.000497311683990696
2012-01-11,0.00994139200362816
2012-01-12,-0.006288374212715323
2012-01-13,0.0
2012-01-14,0.0
2012-01-15,0.0
2012-01-16,0.0
2012-01-17,0.0
2012-01-18,-0.004431263111837903
2012-01-19,-0.0024503243464915076
2012-01-20,0.0
2012-01-21,0.0
2012-01-22,0.0
2012-01-23,-0.018474324873957393
2012-01-24,-0.008214162102250485
2012-01-25,0.00031539677600411775
2012-01-26,-0.00028535675168665526
2012-01-27,0.0
2012-01-28,0.0
2012-01-29,0.0
2012-01-30,-0.006645601167766155
2012-01-31,-0.009139666005816106
2012-02-01,0.0015394543776645348
2012-02-02,-0.00289414140803686
2012-02-03,0.0
2012-02-04,0.0
2012-02-05,0.0
2012-02-06,-0.00034051919276500736
2012-02-07,0.009821003924749147
2012-02-08,-0.005150471712681406
2012-02-09,-0.0013502000415161488
2012-02-10,0.0
2012-02-11,0.0
2012-02-12,0.0
2012-02-13,0.01526652026326354
2012-02-14,0.006378470847919678
2012-02-15,0.00294617462221115
2012-02-16,-0.0009476912469569572
2012-02-17,0.0
2012-02-18,0.0
2012-02-19,0.0
2012-02-20,0.0
2012-02-21,0.007344744239959269
2012-02-22,-0.004561113008356093
2012-02-23,0.003966808146819296
2012-02-24,0.0
2012-02-25,0.0
2012-02-26,0.0
2012-02-27,0.008043069278307358
2012-02-28,-0.004552709073896821
2012-02-29,0.001252956673195436
2012-03-01,0.0017553941306259055
2012-03-02,0.0
2012-03-03,0.0
2012-03-04,0.0
2012-03-05,-0.01130014454721669
2012-03-06,0.0033902306769328567
2012-03-07,0.0036652708805498214
2012-03-08,0.007814122393696027
2012-03-09,0.0
2012-03-10,0.0
2012-03-11,0.0
2012-03-12,0.0046378702058088705
2012-03-13,0.004169637731487615
2012-03-14,0.0016701761619923729
2012-03-15,0.0038580983981560176
2012-03-16,0.0
2012-03-17,0.0
2012-03-18,0.0
2012-03-19,0.00202869996436404
2012-03-20,0.00031776319619753623
2012-03-21,-0.0014100348767687031
2012-03-22,-0.00281038540734149
2012-03-23,0.0
2012-03-24,0.0
2012-03-25,0.0
2012-03-26,0.0018698005326213823
2012-03-27,0.0013248853831053613
2012-03-28,0.0035080338543294932
2012-03-29,-0.001737236928392472
2012-03-30,0.0
2012-03-31,0.0
2012-04-01,0.0
2012-04-02,0.002599037216613652
2012-04-03,-0.003653555027337817
2012-04-04,0.002148719903298267
2012-04-05,0.0
2012-04-06,0.0
2012-04-07,0.0
2012-04-08,0.0
2012-04-09,0.003449986661681232
2012-04-10,-0.0007835309191905995
2012-04-11,-0.0023693118943614398
2012-04-12,0.0039656489311392035
2012-04-13,0.0
2012-04-14,0.0
2012-04-15,0.0
2012-04-16,0.009368985624576887
2012-04-17,0.00035791549086653654
2012-04-18,-0.0028598486432609965
2012-04-19,0.00495896594177255
2012-04-20,0.0
2012-04-21,0.0
2012-04-22,0.0
2012-04-23,0.01795427807668385
2012-04-24,-0.0066125503556733085
2012-04-25,-0.00923560713224672
2012-04-26,-0.004519032149412579
2012-04-27,0.0
2012-04-28,0.0
2012-04-29,0.0
2012-04-30,0.016201613921400827
2012-05-01,0.0007736432724766676
2012-05-02,0.011944473468867664
2012-05-03,-0.002756832063978462
2012-05-04,0.0
2012-05-05,0.0
2012-05-06,0.0
2012-05-07,-0.0072471281276372135
2012-05-08,0.001043546143588462
2012-05-09,0.004237062624509799
2012-05-10,-0.009859107360913819
2012-05-11,0.0
2012-05-12,0.0
2012-05-13,0.0
2012-05-14,-0.004739818324752332
2012-05-15,-7.483467188932193e-05
2012-05-16,0.003551256982077361
2012-05-17,-0.0015293484684408797
2012-05-18,0.0
2012-05-19,0.0
2012-05-20,0.0
2012-05-21,-0.0003998236494880932
2012-05-22,-0.0007781001077294151
2012-05-23,0.00031114287605522016
2012-05-24,-0.005491289743482383
2012-05-25,0.0
2012-05-26,0.0
2012-05-27,0.0
2012-05-28,0.0
2012-05-29,-0.0115287128838232
2012-05-30,0.00024102503097626253
2012-05-31,-0.001038356597965795
2012-06-01,0.0
2012-06-02,0.0
2012-06-03,0.0
2012-06-04,0.009159059919288608
2012-06-05,0.006176018635356258
2012-06-06,-0.0014299728307212026
2012-06-07,-0.00035563115835209383
2012-06-08,0.0
2012-06-09,0.0
2012-06-10,0.0
2012-06-11,-0.00450420614006492
2012-06-12,-0.004128788887097072
2012-06-13,0.0035247365249738566
2012-06-14,0.001930621574733039
2012-06-15,0.0
2012-06-16,0.0
2012-06-17,0.0
2012-06-18,-0.004040205627439342
2012-06-19,0.003231044960282592
2012-06-20,0.006791509336169226
2012-06-21,0.008069428925541819
2012-06-22,0.0
2012-06-23,0.0
2012-06-24,0.0
2012-06-25,0.0023279044877483456
2012-06-26,-0.007053439431721897
2012-06-27,-0.005749121402881518
2012-06-28,0.022843373292929497
2012-06-29,0.0
2012-06-30,0.0
2012-07-01,0.0
2012-07-02,0.001436055123934311
2012-07-03,0.0
2012-07-04,0.0
2012-07-05,-0.03140435323955282
2012-07-06,0.0
2012-07-07,0.0
2012-07-08,0.0
2012-07-09,0.0
2012-07-10,0.007251569093293375
2012-07-11,-0.0016473538237068161
2012-07-12,0.003678622759931776
2012-07-13,0.0
2012-07-14,0.0
2012-07-15,0.0
2012-07-16,-0.002483051218361629
2012-07-17,0.0029577712173797436
2012-07-18,0.004560265025163139
2012-07-19,0.0016573679252695874
2012-07-20,0.0
2012-07-21,0.0
2012-07-22,0.0
2012-07-23,0.0
2012-07-24,0.025703670783208565
2012-07-25,0.01197131470802515
2012-07-26,0.009727444346267378
2012-07-27,0.0
2012-07-28,0.0
2012-07-29,0.0
2012-07-30,0.015198240951729503
2012-07-31,0.01925009657284365
2012-08-01,0.005136558959931502
2012-08-02,0.005827768245590168
2012-08-03,0.0
2012-08-04,0.0
2012-08-05,0.0
2012-08-06,0.012639527055141611
2012-08-07,-0.00037257211261683496
2012-08-08,0.01390656170052326
2012-08-09,0.002582058691877702
2012-08-10,0.0
2012-08-11,0.0
2012-08-12,0.0
2012-08-13,-0.0015762337410047955
2012-08-14,-0.0030210688299021765
2012-08-15,0.005992388879684146
2012-08-16,0.006702058875052988
2012-08-17,0.0
2012-08-18,0.0
2012-08-19,0.0
2012-08-20,0.004871730951774054
2012-08-21,0.0007341048266015652
2012-08-22,-0.005430936934062607
2012-08-23,-0.004488075410663165
2012-08-24,0.0
2012-08-25,0.0
2012-08-26,0.0
2012-08-27,-0.010403220454679282
2012-08-28,0.002991194549192797
2012-08-29,0.007788076897329006
2012-08-30,0.004505627246097292
2012-08-31,0.0
2012-09-01,0.0
2012-09-02,0.0
2012-09-03,0.0
2012-09-04,0.0
2012-09-05,-0.017663158892200447
2012-09-06,-0.002086639999451471
2012-09-07,0.0
2012-09-08,0.0
2012-09-09,0.0
2012-09-10,0.015049010338854158
2012-09-11,0.010106703186338302
2012-09-12,0.0019560259343159156
2012-09-13,0.0018945366842329082
2012-09-14,0.0
2012-09-15,0.0
2012-09-16,0.0
2012-09-17,-0.0030392967823935635
2012-09-18,-0.0027589578091180515
2012-09-19,0.0031563858893264947
2012-09-20,0.0021556784924059184
2012-09-21,0.0
2012-09-22,0.0
2012-09-23,0.0
2012-09-24,-0.015084072670584198
2012-09-25,0.008231560948116
2012-09-26,0.005674988591534482
2012-09-27,0.004889570671546362
2012-09-28,0.0
2012-09-29,0.0
2012-09-30,0.0
2012-10-01,0.0028772645046173323
2012-10-02,0.00453537461066825
2012-10-03,0.00847834189224542
2012-10-04,-0.0008950670076067644
2012-10-05,0.0
2012-10-06,0.0
2012-10-07,0.0
2012-10-08,0.0
2012-10-09,0.0006406989549093021
2012-10-10,0.0033645201185816278
2012-10-11,-0.0014179552802093562
2012-10-12,0.0
2012-10-13,0.0
2012-10-14,0.0
2012-10-15,-0.0009030324026894658
2012-10-16,-0.0047149748842576205
2012-10-17,0.008148904756508583
2012-10-18,0.014421760461919553
2012-10-19,0.0
2012-10-20,0.0
2012-10-21,0.0
2012-10-22,0.004758318323858473
2012-10-23,-0.0012805928464058895
2012-10-24,0.001007980498545568
2012-10-25,3.660803209594747e-05
2012-10-26,0.0
2012-10-27,0.0
2012-10-28,0.0
2012-10-29,0.0
2012-10-30,0.0
2012-10-31,0.01975470041172045
2012-11-01,0.006131833545774046
2012-11-02,0.0
2012-11-03,0.0
2012-11-04,0.0
2012-11-05,-0.002832725613236331
2012-11-06,0.022270779757155967
2012-11-07,0.014318857713389989
2012-11-08,-0.004200205036195476
2012-11-09,0.0
2012-11-10,0.0
2012-11-11,0.0
2012-11-12,0.00027031181599900195
2012-11-13,0.009099276318728866
2012-11-14,0.007963234467611411
2012-11-15,0.0028521432523339633
2012-11-16,0.0
2012-11-17,0.0
2012-11-18,0.0
2012-11-19,0.009065867406955122
2012-11-20,0.011678651376127573
2012-11-21,0.0
2012-11-22,0.0
2012-11-23,0.0
2012-11-24,0.0
2012-11-25,0.0
2012-11-26,0.006293155564782665
2012-11-27,0.008397190842259348
2012-11-28,0.009191841787974197
2012-11-29,0.003673570665343783
2012-11-30,0.0
2012-12-01,0.0
2012-12-02,0.0
2012-12-03,0.006757831901030792
2012-12-04,0.0006995547692951942
2012-12-05,0.0019174381544735067
2012-12-06,-0.00028046362451427493
2012-12-07,0.0
2012-12-08,0.0
2012-12-09,0.0
2012-12-10,-0.0034843349665295295
2012-12-11,-0.00047925269829059955
2012-12-12,-0.0021285015441126335
2012-12-13,0.0026886181811416007
2012-12-14,0.0
2012-12-15,0.0
2012-12-16,0.0
2012-12-17,-0.015527544618040956
2012-12-18,0.00043381675480364153
2012-12-19,0.0011457290062617583
2012-12-20,-0.0023361729626154497
2012-12-21,0.0
2012-12-22,0.0
2012-12-23,0.0
2012-12-24,0.0
2012-12-25,0.0
2012-12-26,0.0
2012-12-27,0.0
2012-12-28,0.0
2012-12-29,0.0
2012-12-30,0.0
2012-12-31,0.0
2013-01-01,0.0
2013-01-02,0.005210545762400209
2013-01-03,-0.009910535077724776
2013-01-04,0.0
2013-01-05,0.0
2013-01-06,0.0
2013-01-07,-0.0042563537189718535
2013-01-08,0.004449058612586724
2013-01-09,-0.0034202213570752988
2013-01-10,-0.0022022331797802866
2013-01-11,0.0
2013-01-12,0.0
2013-01-13,0.0
2013-01-14,0.0035377226189087663
2013-01-15,0.0007524883530407255
2013-01-16,0.002548716292817984
2013-01-17,0.00912636216951733
2013-01-18,0.0
2013-01-19,0.0
2013-01-20,0.0
2013-01-21,0.0
2013-01-22,-0.01814006245920785
2013-01-23,0.016178418468390597
2013-01-24,0.0024919693784604797
2013-01-25,0.0
2013-01-26,0.0
2013-01-27,0.0
2013-01-28,0.004142224619312434
2013-01-29,0.003259042031840563
2013-01-30,0.008760105944915608
2013-01-31,-8.016024764782815e-05
2013-02-01,0.0
2013-02-02,0.0
2013-02-03,0.0
2013-02-04,-0.008066050765326516
2013-02-05,0.008463794449230304
2013-02-06,-0.007712551410472071
2013-02-07,-0.006620182601603328
2013-02-08,0.0
2013-02-09,0.0
2013-02-10,0.0
2013-02-11,-0.003034454908765962
2013-02-12,0.003729452169068442
2013-02-13,-0.0006359049100561994
2013-02-14,0.0009575197807924967
2013-02-15,0.0
2013-02-16,0.0
2013-02-17,0.0
2013-02-18,0.0
2013-02-19,0.0045413334332976745
2013-02-20,0.013418764930170407
2013-02-21,-0.00037467543511777394
2013-02-22,0.0
2013-02-23,0.0
2013-02-24,0.0
2013-02-25,0.0037280333429478172
2013-02-26,0.018598867803942355
2013-02-27,0.0033360566922890455
2013-02-28,0.01745482130991665
2013-03-01,0.0
2013-03-02,0.0
2013-03-03,0.0
2013-03-04,0.010922726095491157
2013-03-05,0.004060484323617367
2013-03-06,-0.0047745873951380025
2013-03-07,0.009505860378293735
2013-03-08,0.0
2013-03-09,0.0
2013-03-10,0.0
2013-03-11,9.917937408076075e-05
2013-03-12,-0.0009775649938997106
2013-03-13,-0.00013464047424208015
2013-03-14,0.0034458090844222628
2013-03-15,0.0
2013-03-16,0.0
2013-03-17,0.0
2013-03-18,0.0
2013-03-19,0.009009844511455256
2013-03-20,-0.007605865488714533
2013-03-21,0.015133257749165229
2013-03-22,0.0
2013-03-23,0.0
2013-03-24,0.0
2013-03-25,0.0
2013-03-26,-0.002440616059743661
2013-03-27,0.005747838023790415
2013-03-28,0.0
2013-03-29,0.0
2013-03-30,0.0
2013-03-31,0.0
2013-04-01,0.0
2013-04-02,-0.015911533306585582
2013-04-03,0.006847489123508146
2013-04-04,-0.0009958438998128648
2013-04-05,0.0
2013-04-06,0.0
2013-04-07,0.0
2013-04-08,0.0049828053661013505
2013-04-09,0.006340654474633447
2013-04-10,0.0036303622735987346
2013-04-11,0.0013491425397160264
2013-04-12,0.0
2013-04-13,0.0
2013-04-14,0.0
2013-04-15,0.019069715842121915
2013-04-16,-0.005954123407852383
2013-04-17,0.004924933808876113
2013-04-18,0.022952247074602812
2013-04-19,0.0
2013-04-20,0.0
2013-04-21,0.0
2013-04-22,-0.020884407888303855
2013-04-23,0.0012158680798067239
2013-04-24,0.020583949115174673
2013-04-25,-0.0021302532293387697
2013-04-26,0.0
2013-04-27,0.0
2013-04-28,0.0
2013-04-29,0.012103440455657477
2013-04-30,0.003774234147142173
2013-05-01,-0.0002581122318702396
2013-05-02,0.00748209146153638
2013-05-03,0.0
2013-05-04,0.0
2013-05-05,0.0
2013-05-06,-0.01285724313820175
2013-05-07,-0.005278308487961238
2013-05-08,-0.0013313905113080536
2013-05-09,-0.011093618015556674
2013-05-10,0.0
2013-05-11,0.0
2013-05-12,0.0
2013-05-13,-0.012331902428145192
2013-05-14,-0.001571143851197037
2013-05-15,0.00013166488075360897
2013-05-16,-0.0025931955551767435
2013-05-17,0.0
2013-05-18,0.0
2013-05-19,0.0
2013-05-20,0.005531305771535381
2013-05-21,-0.0010367618486546814
2013-05-22,-0.0018688597034277918
2013-05-23,0.0024627817964473792
2013-05-24,0.0
2013-05-25,0.0
2013-05-26,0.0
2013-05-27,0.0
2013-05-28,-0.007164910286722018
2013-05-29,0.010728081272908935
2013-05-30,0.0014154939825038802
2013-05-31,0.0
2013-06-01,0.0
2013-06-02,0.0
2013-06-03,0.00522324452181349
2013-06-04,0.025491196559530097
2013-06-05,0.0029113244358285337
2013-06-06,-0.0031775723808801877
2013-06-07,0.0
2013-06-08,0.0
2013-06-09,0.0
2013-06-10,-0.0024379140584556607
2013-06-11,-0.0002360937341232966
2013-06-12,0.0009527054551432866
2013-06-13,-0.0011480623763028468
2013-06-14,0.0
2013-06-15,0.0
2013-06-16,0.0
2013-06-17,0.009774288648501273
2013-06-18,0.008361700564148526
2013-06-19,-0.005562271713406332
2013-06-20,-0.001656608773318078
2013-06-21,0.0
2013-06-22,0.0
2013-06-23,0.0
2013-06-24,0.0028093173926640154
2013-06-25,0.005903222353573224
2013-06-26,0.005115606013968627
2013-06-27,-0.0028022934466135716
2013-06-28,0.0
2013-06-29,0.0
2013-06-30,0.0
2013-07-01,-0.003878026010973539
2013-07-02,-0.0015539777248623956
2013-07-03,0.0
2013-07-04,0.0
2013-07-05,0.0
2013-07-06,0.0
2013-07-07,0.0
2013-07-08,0.0
2013-07-09,-0.0023321100993341326
2013-07-10,0.003037993550680489
2013-07-11,0.0009522203156045045
2013-07-12,0.0
2013-07-13,0.0
2013-07-14,0.0
2013-07-15,-0.04405240833248544
2013-07-16,0.005719188379073536
2013-07-17,0.0018956976299894525
2013-07-18,-8.607040185138811e-05
2013-07-19,0.0
2013-07-20,0.0
2013-07-21,0.0
2013-07-22,0.022331391917891283
2013-07-23,0.0007994135975926478
2013-07-24,0.00960248457012383
2013-07-25,-0.0005732852052703697
2013-07-26,0.0
2013-07-27,0.0
2013-07-28,0.0
2013-07-29,0.010752054642192189
2013-07-30,-0.007346844443174968
2013-07-31,0.0077043692658948035
2013-08-01,0.00019034872957546088
2013-08-02,0.0
2013-08-03,0.0
2013-08-04,0.0
2013-08-05,-0.00109680067986074
2013-08-06,-0.010078896093388405
2013-08-07,0.006964680966718852
2013-08-08,-0.0019585672947338463
2013-08-09,0.0
2013-08-10,0.0
2013-08-11,0.0
2013-08-12,0.0028062131630075433
2013-08-13,-0.004290418074201423
2013-08-14,0.0014787614441445379
2013-08-15,0.0042743109470789
2013-08-16,0.0
2013-08-17,0.0
2013-08-18,0.0
2013-08-19,0.0022185444481209525
2013-08-20,-0.0024983700816750692
2013-08-21,0.009773814630190905
2013-08-22,0.0014683219020418582
2013-08-23,0.0
2013-08-24,0.0
2013-08-25,0.0
2013-08-26,0.0
2013-08-27,-0.006820584116875094
2013-08-28,0.00161660104531366
2013-08-29,0.0011157676920064167
2013-08-30,0.0
2013-08-31,0.0
2013-09-01,0.0
2013-09-02,0.0
2013-09-03,0.0018310950382693925
2013-09-04,0.01074879588300319
2013-09-05,0.0018163385520143923
2013-09-06,0.0
2013-09-07,0.0
2013-09-08,0.0
2013-09-09,-0.023042475128040696
2013-09-10,-0.000666628015517851
2013-09-11,0.00915819855723023
2013-09-12,-0.0005043111411366585
2013-09-13,0.0
2013-09-14,0.0
2013-09-15,0.0
2013-09-16,-0.0015705686397197447
2013-09-17,0.015234826272945427
2013-09-18,-0.0005648660280798242
2013-09-19,-0.006367646964955156
2013-09-20,0.0
2013-09-21,0.0
2013-09-22,0.0
2013-09-23,0.0
2013-09-24,0.0
2013-09-25,0.005066017864904765
2013-09-26,-0.005305074807059635
2013-09-27,0.0
2013-09-28,0.0
2013-09-29,0.0
2013-09-30,0.017676146566411255
2013-10-01,0.0001347453544668566
2013-10-02,-0.0068253711168980505
2013-10-03,0.006145760428398913
2013-10-04,0.0
2013-10-05,0.0
2013-10-06,0.0
2013-10-07,0.008458791824501745
2013-10-08,0.0011178868051949615
2013-10-09,0.006926143000211494
2013-10-10,0.0027273337827218324
2013-10-11,0.0
2013-10-12,0.0
2013-10-13,0.0
2013-10-14,0.003184631453545854
2013-10-15,-0.0011330776969316414
2013-10-16,0.00040258603872271766
2013-10-17,0.006434646724236502
2013-10-18,0.0
2013-10-19,0.0
2013-10-20,0.0
2013-10-21,-0.004244824816845405
2013-10-22,0.004597838882082872
2013-10-23,0.008040155079406084
2013-10-24,-0.002633115604455336
2013-10-25,0.0
2013-10-26,0.0
2013-10-27,0.0
2013-10-28,0.0015983884116738565
2013-10-29,-0.0044622982170826235
2013-10-30,0.0033625198054694325
2013-10-31,0.010225516602452134
2013-11-01,0.0
2013-11-02,0.0
2013-11-03,0.0
2013-11-04,-0.0007309924695437758
2013-11-05,0.0070863697913504265
2013-11-06,-0.013208016838472978
2013-11-07,0.002418234092667332
2013-11-08,0.0
2013-11-09,0.0
2013-11-10,0.0
2013-11-11,0.0
2013-11-12,-5.122497329976836e-05
2013-11-13,0.0049723994345916515
2013-11-14,0.006043201180205456
2013-11-15,0.0
2013-11-16,0.0
2013-11-17,0.0
2013-11-18,0.001771944563979666
2013-11-19,-0.00879632495899596
2013-11-20,0.01138031315261144
2013-11-21,-0.008590238340730014
2013-11-22,0.0
2013-11-23,0.0
2013-11-24,0.0
2013-11-25,5.906562686064376e-05
2013-11-26,-0.007142607593690084
2013-11-27,0.0
2013-11-28,0.0
2013-11-29,0.0
2013-11-30,0.0
2013-12-01,0.0
2013-12-02,0.0027372093502204147
2013-12-03,-0.000404999823712624
2013-12-04,-0.002927388621482631
2013-12-05,0.0011042358046883046
2013-12-06,0.0
2013-12-07,0.0
2013-12-08,0.0
2013-12-09,0.0029408146086227554
2013-12-10,0.011724475430800876
2013-12-11,0.004255799626358361
2013-12-12,0.005634088353087242
2013-12-13,0.0
2013-12-14,0.0
2013-12-15,0.0
2013-12-16,0.0003427869202882979
2013-12-17,0.005776814992262067
2013-12-18,-0.0027213802820679556
2013-12-19,0.013053475086906467
2013-12-20,0.0
2013-12-21,0.0
2013-12-22,0.0
2013-12-23,-0.015239248031565289
2013-12-24,0.0
2013-12-25,0.0
2013-12-26,0.0
2013-12-27,0.0
2013-12-28,0.0
2013-12-29,0.0
2013-12-30,0.005322401718647394
2013-12-31,0.0
2014-01-01,0.0
2014-01-02,0.018490517305748078
2014-01-03,0.0
2014-01-04,0.0
2014-01-05,0.0
2014-01-06,0.004259060787414266
2014-01-07,-0.009958156620979666
2014-01-08,0.009056783005408811
2014-01-09,0.0029140788802416284
2014-01-10,0.0
2014-01-11,0.0
2014-01-12,0.0
2014-01-13,0.0015361135918197859
2014-01-14,0.012473119658501123
2014-01-15,-0.0015399005422553269
2014-01-16,-0.0036207860021445085
2014-01-17,0.0
2014-01-18,0.0
2014-01-19,0.0
2014-01-20,0.0
2014-01-21,-0.0074538567617681295
2014-01-22,-0.0004191438712682124
2014-01-23,-0.0010082980486435808
2014-01-24,0.0
2014-01-25,0.0
2014-01-26,0.0
2014-01-27,0.009464442101550397
2014-01-28,-0.014170486347070606
2014-01-29,0.004456908509076033
2014-01-30,-0.00966576860493103
2014-01-31,0.0
2014-02-01,0.0
2014-02-02,0.0
2014-02-03,-0.007688753639391532
2014-02-04,0.004166040507429157
2014-02-05,0.007557337162143258
2014-02-06,0.00857491066565619
2014-02-07,0.0
2014-02-08,0.0
2014-02-09,0.0
2014-02-10,0.0
2014-02-11,0.0012924103166573869
2014-02-12,0.00216529276762792
2014-02-13,0.002456680413332989
2014-02-14,0.0
2014-02-15,0.0
2014-02-16,0.0
2014-02-17,0.0
2014-02-18,-0.006449664199148966
2014-02-19,0.012368375621917909
2014-02-20,-0.001476954332166951
2014-02-21,0.0
2014-02-22,0.0
2014-02-23,0.0
2014-02-24,-0.0012792478917131866
2014-02-25,-0.00470128847325427
2014-02-26,0.041806114798731336
2014-02-27,-0.001382570018412015
2014-02-28,0.0
2014-03-01,0.0
2014-03-02,0.0
2014-03-03,0.019033294037567528
2014-03-04,-0.007182043032427357
2014-03-05,-0.0020058770904809674
2014-03-06,-0.00043356727597743117
2014-03-07,0.0
2014-03-08,0.0
2014-03-09,0.0
2014-03-10,-0.004139132228487588
2014-03-11,0.002919805695797281
2014-03-12,-0.002622957882544442
2014-03-13,0.0005889594704569376
2014-03-14,0.0
2014-03-15,0.0
2014-03-16,0.0
2014-03-17,-0.023131653544241182
2014-03-18,0.02104446804950877
2014-03-19,-0.0012504509704140965
2014-03-20,-0.004644608421481738
2014-03-21,0.0
2014-03-22,0.0
2014-03-23,0.0
2014-03-24,0.0037390514920674356
2014-03-25,-0.00550096873016625
2014-03-26,0.0024458150175254486
2014-03-27,-0.0025935502611247993
2014-03-28,0.0
2014-03-29,0.0
2014-03-30,0.0
2014-03-31,0.002983816147432705
2014-04-01,0.003965743469250586
2014-04-02,0.0009661838411185217
2014-04-03,0.0007002471654099455
2014-04-04,0.0
2014-04-05,0.0
2014-04-06,0.0
2014-04-07,-0.01112304304535399
2014-04-08,0.008350299130616376
2014-04-09,-0.010857061488675046
2014-04-10,-0.01139457271287455
2014-04-11,0.0
2014-04-12,0.0
2014-04-13,0.0
2014-04-14,-0.004452223587874116
2014-04-15,0.006502513264667806
2014-04-16,-0.0054510213970700395
2014-04-17,0.0
2014-04-18,0.0
2014-04-19,0.0
2014-04-20,0.0
2014-04-21,0.018908426715564898
2014-04-22,-0.002607061321086313
2014-04-23,-0.0017053690257358978
2014-04-24,-5.5586568329642726e-05
2014-04-25,0.0
2014-04-26,0.0
2014-04-27,0.0
2014-04-28,-0.026902456399597874
2014-04-29,0.012873045357185475
2014-04-30,0.005563369821807521
2014-05-01,-0.0017225287027165534
2014-05-02,0.0
2014-05-03,0.0
2014-05-04,0.0
2014-05-05,0.005047158097212452
2014-05-06,-0.005720848228874819
2014-05-07,8.631285027617852e-05
2014-05-08,0.00019757478977685747
2014-05-09,0.0
2014-05-10,0.0
2014-05-11,0.0
2014-05-12,0.00029160887656570094
2014-05-13,0.005192537681350243
2014-05-14,-0.0026496911494832904
2014-05-15,-0.00490434463593481
2014-05-16,0.0
2014-05-17,0.0
2014-05-18,0.0
2014-05-19,0.01755317725337172
2014-05-20,0.008284819544791497
2014-05-21,0.0033178768776293568
2014-05-22,0.005291522811915044
2014-05-23,0.0
2014-05-24,0.0
2014-05-25,0.0
2014-05-26,0.0
2014-05-27,-0.0031637008630186034
2014-05-28,0.0003505336862545481
2014-05-29,0.0021060281757378715
2014-05-30,0.0
2014-05-31,0.0
2014-06-01,0.0
2014-06-02,-0.0009964936886296284
2014-06-03,-0.005767637381603315
2014-06-04,0.0005964195158566044
2014-06-05,-0.0037207160000414445
2014-06-06,0.0
2014-06-07,0.0
2014-06-08,0.0
2014-06-09,0.0
2014-06-10,0.0110380045638645
2014-06-11,-0.004505795239223769
2014-06-12,-0.021077380581831534
2014-06-13,0.0
2014-06-14,0.0
2014-06-15,0.0
2014-06-16,0.0006669042566720407
2014-06-17,0.011125880413391631
2014-06-18,-5.14586649180078e-05
2014-06-19,0.0023398593503999483
2014-06-20,0.0
2014-06-21,0.0
2014-06-22,0.0
2014-06-23,0.004670921343514914
2014-06-24,0.011819979214194623
2014-06-25,-0.004982442499600148
2014-06-26,-0.004025821404697208
2014-06-27,0.0
2014-06-28,0.0
2014-06-29,0.0
2014-06-30,0.002225058728640789
2014-07-01,0.0024443940658800747
2014-07-02,0.0031908435715437755
2014-07-03,0.0
2014-07-04,0.0
2014-07-05,0.0
2014-07-06,0.0
2014-07-07,0.0
2014-07-08,0.0
2014-07-09,-0.014079497022498
2014-07-10,0.0005224219769465028
2014-07-11,0.0
2014-07-12,0.0
2014-07-13,0.0
2014-07-14,-0.0005014629757415599
2014-07-15,0.008140441070027867
2014-07-16,-0.0006761069274449465
2014-07-17,0.009769924254159353
2014-07-18,0.0
2014-07-19,0.0
2014-07-20,0.0
2014-07-21,0.0006593061646572103
2014-07-22,0.0009265196003775491
2014-07-23,0.0055091552124447735
2014-07-24,0.005079198310382472
2014-07-25,0.0
2014-07-26,0.0
2014-07-27,0.0
2014-07-28,0.0010800847808313618
2014-07-29,0.0022675052780572616
2014-07-30,-0.0025604682279460732
2014-07-31,0.001203709816086334
2014-08-01,0.0
2014-08-02,0.0
2014-08-03,0.0
2014-08-04,-0.009999262656814646
2014-08-05,0.0030761788211202136
2014-08-06,-0.0024916673212950886
2014-08-07,0.008771185257462701
2014-08-08,0.0
2014-08-09,0.0
2014-08-10,0.0
2014-08-11,0.0
2014-08-12,0.012722008357033854
2014-08-13,0.0017424381764929997
2014-08-14,-0.00022200866797803442
2014-08-15,0.0
2014-08-16,0.0
2014-08-17,0.0
2014-08-18,0.0
2014-08-19,-0.003825615678582475
2014-08-20,-0.014911328927050846
2014-08-21,0.000635194905594333
2014-08-22,0.0
2014-08-23,0.0
2014-08-24,0.0
2014-08-25,0.0
2014-08-26,-0.012215526342652439
2014-08-27,-0.0011744599115219856
2014-08-28,-0.0026848375935451772
2014-08-29,0.0
2014-08-30,0.0
2014-08-31,0.0
2014-09-01,0.0
2014-09-02,0.0007299332146903004
2014-09-03,0.0034334783448436283
2014-09-04,0.0018370368635664404
2014-09-05,0.0
2014-09-06,0.0
2014-09-07,0.0
2014-09-08,0.0
2014-09-09,-0.012191668459684531
2014-09-10,0.005168384241106998
2014-09-11,-0.0007683009161399772
2014-09-12,0.0
2014-09-13,0.0
2014-09-14,0.0
2014-09-15,0.00016591094550231077
2014-09-16,-0.015367044725669434
2014-09-17,0.007734050962279535
2014-09-18,-0.002706803524207371
2014-09-19,0.0
2014-09-20,0.0
2014-09-21,0.0
2014-09-22,-0.009696039812528454
2014-09-23,-0.0021089080203780444
2014-09-24,-0.00894180348353835
2014-09-25,0.00019389575691889011
2014-09-26,0.0
2014-09-27,0.0
2014-09-28,0.0
2014-09-29,-0.0064089913628239655
2014-09-30,-0.003993850587466802
2014-10-01,0.0014501849016227426
2014-10-02,-0.0003488299834607895
2014-10-03,0.0
2014-10-04,0.0
2014-10-05,0.0
2014-10-06,-0.005440508687179499
2014-10-07,-0.0024276940492240677
2014-10-08,-0.016684062915977467
2014-10-09,0.008239246540605318
2014-10-10,0.0
2014-10-11,0.0
2014-10-12,0.0
2014-10-13,0.0003140206062649774
2014-10-14,-0.006722936953397355
2014-10-15,0.0010416228306870433
2014-10-16,0.004590135315471769
2014-10-17,0.0
2014-10-18,0.0
2014-10-19,0.0
2014-10-20,0.010663564951406489
2014-10-21,0.0026838995055132775
2014-10-22,0.0012353707950290512
2014-10-23,0.0035797687627169817
2014-10-24,0.0
2014-10-25,0.0
2014-10-26,0.0
2014-10-27,-0.008484205013366917
2014-10-28,0.0033365353696489055
2014-10-29,0.0021273630956220885
2014-10-30,0.01781083968612886
2014-10-31,0.0
2014-11-01,0.0
2014-11-02,0.0
2014-11-03,0.001244217706049433
2014-11-04,-0.020099685863220453
2014-11-05,-0.007602294123769369
2014-11-06,0.003084753883471408
2014-11-07,0.0
2014-11-08,0.0
2014-11-09,0.0
2014-11-10,0.0010934387049674568
2014-11-11,-0.00381323173121918
2014-11-12,0.0015956157220357674
2014-11-13,0.0001925299451604319
2014-11-14,0.0
2014-11-15,0.0
2014-11-16,0.0
2014-11-17,0.0
2014-11-18,-0.008598867198387088
2014-11-19,0.0025524751494908795
2014-11-20,0.0004169820567734052
2014-11-21,0.0
2014-11-22,0.0
2014-11-23,0.0
2014-11-24,-0.0036664017821911848
2014-11-25,0.0015494064801199687
2014-11-26,0.0
2014-11-27,0.0
2014-11-28,0.0
2014-11-29,0.0
2014-11-30,0.0
2014-12-01,0.007965255119225531
2014-12-02,-0.0005880457759693191
2014-12-03,0.0024961787466619553
2014-12-04,0.002472988954335808
2014-12-05,0.0
2014-12-06,0.0
2014-12-07,0.0
2014-12-08,0.041333237787713806
2014-12-09,-0.005357059354947126
2014-12-10,-0.006911550286090532
2014-12-11,-0.0002856403721058409
2014-12-12,0.0
2014-12-13,0.0
2014-12-14,0.0
2014-12-15,0.0
2014-12-16,0.005635802390372202
2014-12-17,0.02285713576860906
2014-12-18,0.0010244151408985978
2014-12-19,0.0
2014-12-20,0.0
2014-12-21,0.0
2014-12-22,0.013155205732609554
2014-12-23,0.004408927159748895
2014-12-24,0.0
2014-12-25,0.0
2014-12-26,0.0
2014-12-27,0.0
2014-12-28,0.0
2014-12-29,-0.013108468669988023
2014-12-30,-0.008548513651418375
2014-12-31,0.0
2015-01-01,0.0
2015-01-02,0.0
2015-01-03,0.0
2015-01-04,0.0
2015-01-05,0.015418717654778265
2015-01-06,-0.0023878794032344114
2015-01-07,0.013403772323693344
2015-01-08,-0.011142673904048439
2015-01-09,0.0
2015-01-10,0.0
2015-01-11,0.0
2015-01-12,-0.015258238950206907
2015-01-13,-0.006457697710138533
2015-01-14,0.000492945873528217
2015-01-15,0.00429655348025055
2015-01-16,0.0
2015-01-17,0.0
2015-01-18,0.0
2015-01-19,0.0
2015-01-20,0.00923981627529342
2015-01-21,0.007625435358988273
2015-01-22,0.006980624657160307
2015-01-23,0.0
2015-01-24,0.0
2015-01-25,0.0
2015-01-26,-0.014325438308857729
2015-01-27,-0.003262863101840219
2015-01-28,0.012334257285170055
2015-01-29,-0.009458428959678775
2015-01-30,0.0
2015-01-31,0.0
2015-02-01,0.0
2015-02-02,0.010022149709539387
2015-02-03,-0.004514526389666506
2015-02-04,0.009996882530252393
2015-02-05,0.004081143261944654
2015-02-06,0.0
2015-02-07,0.0
2015-02-08,0.0
2015-02-09,0.0017917254808122994
2015-02-10,0.006698066745199769
2015-02-11,-0.00232126672703495
2015-02-12,-0.0010847488868721104
2015-02-13,0.0
2015-02-14,0.0
2015-02-15,0.0
2015-02-16,0.0
2015-02-17,-0.047342256591316634
2015-02-18,0.0031023631554068245
2015-02-19,0.009823994721043122
2015-02-20,0.0
2015-02-21,0.0
2015-02-22,0.0
2015-02-23,-0.005126230392587846
2015-02-24,0.008125082620604298
2015-02-25,-0.017433575146719976
2015-02-26,0.0029940837171740916
2015-02-27,0.0
2015-02-28,0.0
2015-03-01,0.0
2015-03-02,-0.0014496117399513493
2015-03-03,-0.007733790247454774
2015-03-04,0.004532751985184576
2015-03-05,-0.010660899895629388
2015-03-06,0.0
2015-03-07,0.0
2015-03-08,0.0
2015-03-09,0.01513559731917738
2015-03-10,0.004926749917512427
2015-03-11,0.0037431180343046305
2015-03-12,-0.007301640194924083
2015-03-13,0.0
2015-03-14,0.0
2015-03-15,0.0
2015-03-16,0.022323052352575208
2015-03-17,0.009453803468483587
2015-03-18,-0.008274089246956266
2015-03-19,0.009149202947609573
2015-03-20,0.0
2015-03-21,0.0
2015-03-22,0.0
2015-03-23,0.0054020262212744995
2015-03-24,0.0016110678627838924
2015-03-25,0.0014312152535207365
2015-03-26,0.00041807277008763365
2015-03-27,0.0
2015-03-28,0.0
2015-03-29,0.0
2015-03-30,-0.002157193163654305
2015-03-31,-0.0009118019499404177
2015-04-01,0.0029385464877790188
2015-04-02,0.0
2015-04-03,0.0
2015-04-04,0.0
2015-04-05,0.0
2015-04-06,-0.003171646791427018
2015-04-07,0.001669073239155436
2015-04-08,0.002218508054032375
2015-04-09,0.0035592056262454194
2015-04-10,0.0
2015-04-11,0.0
2015-04-12,0.0
2015-04-13,-0.00592824462088757
2015-04-14,0.008608829521201304
2015-04-15,-0.0014908073553532774
2015-04-16,-0.0024334921887625735
2015-04-17,0.0
2015-04-18,0.0
2015-04-19,0.0
2015-04-20,0.002039694170681705
2015-04-21,0.009103610567764668
2015-04-22,-0.0007309734872939834
2015-04-23,-0.00017313681026264523
2015-04-24,0.0
2015-04-25,0.0
2015-04-26,0.0
2015-04-27,0.0035872399346694207
2015-04-28,-0.0047924766436008865
2015-04-29,-0.018071838398903202
2015-04-30,0.015330029300602961
2015-05-01,0.0
2015-05-02,0.0
2015-05-03,0.0
2015-05-04,-0.030003220635235126
2015-05-05,-0.0011051308635476526
2015-05-06,0.0049908467561298854
2015-05-07,-0.0012157306714916548
2015-05-08,0.0
2015-05-09,0.0
2015-05-10,0.0
2015-05-11,-0.0005529005062341071
2015-05-12,0.006011236886004052
2015-05-13,0.009456806030027853
2015-05-14,0.0023974075487953363
2015-05-15,0.0
2015-05-16,0.0
2015-05-17,0.0
2015-05-18,-0.0006817729315398627
2015-05-19,0.0327306718862698
2015-05-20,-0.0020554983647131505
2015-05-21,0.0006577000639322919
2015-05-22,0.0
2015-05-23,0.0
2015-05-24,0.0
2015-05-25,0.0
2015-05-26,-0.0015314777918634232
2015-05-27,-0.006151999449401957
2015-05-28,0.004333429316732655
2015-05-29,0.0
2015-05-30,0.0
2015-05-31,0.0
2015-06-01,-0.000502762677071722
2015-06-02,0.008301225010660539
2015-06-03,-0.001497391709291431
2015-06-04,0.0024950725805879745
2015-06-05,0.0
2015-06-06,0.0
2015-06-07,0.0
2015-06-08,-0.005230572043337212
2015-06-09,0.0012533930349260527
2015-06-10,0.005423541424532397
2015-06-11,-0.0027320780820512904
2015-06-12,0.0
2015-06-13,0.0
2015-06-14,0.0
2015-06-15,0.033755513740485465
2015-06-16,-0.0006302325417812853
2015-06-17,0.003115181550935487
2015-06-18,-0.001765730631015174
2015-06-19,0.0
2015-06-20,0.0
2015-06-21,0.0
2015-06-22,-0.0038102985287959967
2015-06-23,-0.006593419029495806
2015-06-24,-0.001994238740899746
2015-06-25,0.019412397669383387
2015-06-26,0.0
2015-06-27,0.0
2015-06-28,0.0
2015-06-29,0.0
2015-06-30,-0.00017242473109480017
2015-07-01,0.003576886765163544
2015-07-02,0.0
2015-07-03,0.0
2015-07-04,0.0
2015-07-05,0.0
2015-07-06,0.007484669349032469
2015-07-07,-0.02118337589998357
2015-07-08,0.006544302358721367
2015-07-09,0.0256373538966045
2015-07-10,0.0
2015-07-11,0.0
2015-07-12,0.0
2015-07-13,0.0
2015-07-14,-0.0023615558335987608
2015-07-15,0.008021061032906328
2015-07-16,0.0025937389798216344
2015-07-17,0.0
2015-07-18,0.0
2015-07-19,0.0
2015-07-20,-0.030897249328596093
2015-07-21,-0.0006116719590946467
2015-07-22,0.00590943903273832
2015-07-23,0.0013823583219424794
2015-07-24,0.0
2015-07-25,0.0
2015-07-26,0.0
2015-07-27,0.027143961980929762
2015-07-28,0.009365422867877365
2015-07-29,0.004312532464468135
2015-07-30,0.0048862225798051795
2015-07-31,0.0
2015-08-01,0.0
2015-08-02,0.0
2015-08-03,0.0
2015-08-04,0.009896458083341386
2015-08-05,0.006957567733639194
2015-08-06,-0.0027507430102700118
2015-08-07,0.0
2015-08-08,0.0
2015-08-09,0.0
2015-08-10,-0.0023493530749121166
2015-08-11,-0.00361911255034895
2015-08-12,0.0006243234535128989
2015-08-13,0.002503807753383509
2015-08-14,0.0
2015-08-15,0.0
2015-08-16,0.0
2015-08-17,-0.012575520282839037
2015-08-18,0.011752670891394423
2015-08-19,-0.018007081489608452
2015-08-20,0.004706549368336898
2015-08-21,0.0
2015-08-22,0.0
2015-08-23,0.0
2015-08-24,0.004365506643897065
2015-08-25,0.030972717127338026
2015-08-26,0.017357321346214885
2015-08-27,0.0024579661241283155
2015-08-28,0.0
2015-08-29,0.0
2015-08-30,0.0
2015-08-31,-0.02991500396725013
2015-09-01,0.02132256262387411
2015-09-02,0.00032627623190345707
2015-09-03,0.004467223434422747
2015-09-04,0.0
2015-09-05,0.0
2015-09-06,0.0
2015-09-07,0.0
2015-09-08,-0.018552448751995566
2015-09-09,0.009636102309722696
2015-09-10,-0.0027506045584718974
2015-09-11,0.0
2015-09-12,0.0
2015-09-13,0.0
2015-09-14,0.01159759055411894
2015-09-15,-1.3672804035466841e-05
2015-09-16,-0.0033837555514878055
2015-09-17,-0.01182716444976151
2015-09-18,0.0
2015-09-19,0.0
2015-09-20,0.0
2015-09-21,-0.015037805550968564
2015-09-22,0.005515632556136385
2015-09-23,-0.002481756882975639
2015-09-24,0.011076051199960782
2015-09-25,0.0
2015-09-26,0.0
2015-09-27,0.0
2015-09-28,-0.005128197023965697
2015-09-29,0.0051642746263781064
2015-09-30,-0.0018831040170346667
2015-10-01,0.023679417827105077
2015-10-02,0.0
2015-10-03,0.0
2015-10-04,0.0
2015-10-05,-0.010161628594798838
2015-10-06,0.00421218251372289
2015-10-07,0.008788253651157398
2015-10-08,0.0037379367514563866
2015-10-09,0.0
2015-10-10,0.0
2015-10-11,0.0
2015-10-12,-0.012436338597742846
2015-10-13,0.007810658445687052
2015-10-14,0.006591726887820487
2015-10-15,-0.0004041209397553777
2015-10-16,0.0
2015-10-17,0.0
2015-10-18,0.0
2015-10-19,-0.0020699235305069166
2015-10-20,0.005860422397159802
2015-10-21,0.010186150236137004
2015-10-22,0.00788066886310403
2015-10-23,0.0
2015-10-24,0.0
2015-10-25,0.0
2015-10-26,-0.011792718878514682
2015-10-27,0.004826426705066796
2015-10-28,-0.004058323790543959
2015-10-29,-0.0020424282533852796
2015-10-30,0.0
2015-10-31,0.0
2015-11-01,0.0
2015-11-02,0.004443228734142232
2015-11-03,-0.0038948768110054176
2015-11-04,-0.00021041680686906825
2015-11-05,0.00314256517732039
2015-11-06,0.0
2015-11-07,0.0
2015-11-08,0.0
2015-11-09,0.0
2015-11-10,0.0027298514283525463
2015-11-11,-0.0066125779374660715
2015-11-12,-0.002946351530635463
2015-11-13,0.0
2015-11-14,0.0
2015-11-15,0.0
2015-11-16,0.007833521125267705
2015-11-17,0.016394252598809323
2015-11-18,-0.017085431578950427
2015-11-19,0.01846249085037903
2015-11-20,0.0
2015-11-21,0.0
2015-11-22,0.0
2015-11-23,-0.00226319075893322
2015-11-24,-0.005432851633360115
2015-11-25,0.0
2015-11-26,0.0
2015-11-27,0.0
2015-11-28,0.0
2015-11-29,0.0
2015-11-30,0.0
2015-12-01,-0.0024819211296576186
2015-12-02,-0.0023938596286461793
2015-12-03,0.006396732237907769
2015-12-04,0.0
2015-12-05,0.0
2015-12-06,0.0
2015-12-07,-0.004403508818959704
2015-12-08,-0.007377442620254079
2015-12-09,0.008069405078092291
2015-12-10,-0.009175270392598397
2015-12-11,0.0
2015-12-12,0.0
2015-12-13,0.0
2015-12-14,0.0031510291621007535
2015-12-15,-0.006492017754924728
2015-12-16,-0.002131596221669139
2015-12-17,-0.0022775711398480944
2015-12-18,0.0
2015-12-19,0.0
2015-12-20,0.0
2015-12-21,-0.031760050146823954
2015-12-22,0.00473094521234549
2015-12-23,0.00024982983640163406
2015-12-24,0.0
2015-12-25,0.0
2015-12-26,0.0
2015-12-27,0.0
2015-12-28,-0.00166512633842949
2015-12-29,-0.0006066224546760279
2015-12-30,-0.005962011093771766
2015-12-31,0.0
2016-01-01,0.0
2016-01-02,0.0
2016-01-03,0.0
2016-01-04,-0.017213577948689003
2016-01-05,-0.0017963505963828103
2016-01-06,0.008541380388462666
2016-01-07,-0.0019331462953182665
2016-01-08,0.0
2016-01-09,0.0
2016-01-10,0.0
2016-01-11,-0.018700602163024053
2016-01-12,-0.008286179642400852
2016-01-13,0.006215269316724531
2016-01-14,-0.015150630073825631
2016-01-15,0.0
2016-01-16,0.0
2016-01-17,0.0
2016-01-18,0.0
2016-01-19,-0.013999232783116527
2016-01-20,-0.0005554616644885269
2016-01-21,-0.010278296893159728
2016-01-22,0.0
2016-01-23,0.0
2016-01-24,0.0
2016-01-25,0.022320736215982358
2016-01-26,-0.013397940360600975
2016-01-27,-0.003271845963500636
2016-01-28,-0.002594132596703087
2016-01-29,0.0
2016-01-30,0.0
2016-01-31,0.0
2016-02-01,-0.03292958521192624
2016-02-02,-0.011144568447356892
2016-02-03,0.006089553460325581
2016-02-04,0.02572057599900641
2016-02-05,0.0
2016-02-06,0.0
2016-02-07,0.0
2016-02-08,-0.00826379351977119
2016-02-09,0.004245426028808301
2016-02-10,0.009576479690529556
2016-02-11,-0.060867920368336215
2016-02-12,0.0
2016-02-13,0.0
2016-02-14,0.0
2016-02-15,0.0
2016-02-16,0.0068994503574735955
2016-02-17,0.012765009584124153
2016-02-18,0.007424258455650703
2016-02-19,0.0
2016-02-20,0.0
2016-02-21,0.0
2016-02-22,0.012128828528436934
2016-02-23,0.014192340814085259
2016-02-24,0.03623514736201131
2016-02-25,-0.008108318704828248
2016-02-26,0.0
2016-02-27,0.0
2016-02-28,0.0
2016-02-29,0.015078821838377877
2016-03-01,0.01746398274009275
2016-03-02,0.007658947162109613
2016-03-03,0.0027783932335319916
2016-03-04,0.0
2016-03-05,0.0
2016-03-06,0.0
2016-03-07,-0.022034436670784335
2016-03-08,0.0031650626234932273
2016-03-09,-0.00423527243329788
2016-03-10,0.016500738228220516
2016-03-11,0.0
2016-03-12,0.0
2016-03-13,0.0
2016-03-14,-0.006994063173980987
2016-03-15,0.0254043093176699
2016-03-16,0.018548173224242268
2016-03-17,0.005254123427962863
2016-03-18,0.0
2016-03-19,0.0
2016-03-20,0.0
2016-03-21,-0.020908154579780014
2016-03-22,-0.0004467689296269318
2016-03-23,0.0005398736982473299
2016-03-24,0.0
2016-03-25,0.0
2016-03-26,0.0
2016-03-27,0.0
2016-03-28,-0.006721125404457684
2016-03-29,-0.002866764170098346
2016-03-30,0.0011374111147197609
2016-03-31,0.005021257984468143
2016-04-01,0.0
2016-04-02,0.0
2016-04-03,0.0
2016-04-04,-0.011114312747525447
2016-04-05,0.0017293393522303923
2016-04-06,-0.0021407350774536376
2016-04-07,0.003329072672246785
2016-04-08,0.0
2016-04-09,0.0
2016-04-10,0.0
2016-04-11,0.018780476356256914
2016-04-12,0.013634001042891983
2016-04-13,-0.0009840485975267702
2016-04-14,0.005008068015403785
2016-04-15,0.0
2016-04-16,0.0
2016-04-17,0.0
2016-04-18,0.030824005128150846
2016-04-19,0.00925992036481196
2016-04-20,-0.00019553873406098743
2016-04-21,-0.0030005645508030757
2016-04-22,0.0
2016-04-23,0.0
2016-04-24,0.0
2016-04-25,0.008875587719072424
2016-04-26,0.004026705464359538
2016-04-27,-0.005188425327111591
2016-04-28,0.001208323539749037
2016-04-29,0.0
2016-04-30,0.0
2016-05-01,0.0
2016-05-02,0.02044518218310667
2016-05-03,-0.00069783217601523
2016-05-04,0.006725870639829694
2016-05-05,0.005971782322456958
2016-05-06,0.0
2016-05-07,0.0
2016-05-08,0.0
2016-05-09,-0.020508710855869527
2016-05-10,0.0019469130955422807
2016-05-11,0.002490643903681709
2016-05-12,-0.004323493997483969
2016-05-13,0.0
2016-05-14,0.0
2016-05-15,0.0
2016-05-16,-0.00685297041088484
2016-05-17,0.016800539562510063
2016-05-18,-0.0042619567160971745
2016-05-19,-0.009223327885487834
2016-05-20,0.0
2016-05-21,0.0
2016-05-22,0.0
2016-05-23,0.0121492358721581
2016-05-24,-0.002149316045589409
2016-05-25,-0.003273902579594465
2016-05-26,-0.017950908680248217
2016-05-27,0.0
2016-05-28,0.0
2016-05-29,0.0
2016-05-30,0.0
2016-05-31,0.000361995668196397
2016-06-01,0.005768181740890785
2016-06-02,0.00864066858865748
2016-06-03,0.0
2016-06-04,0.0
2016-06-05,0.0
2016-06-06,0.012207084867723594
2016-06-07,-0.0006681559731493427
2016-06-08,0.007001454638505541
2016-06-09,-0.0007829764043177302
2016-06-10,0.0
2016-06-11,0.0
2016-06-12,0.0
2016-06-13,-0.004155904153705564
2016-06-14,0.0025074083973604957
2016-06-15,0.004335025908283704
2016-06-16,0.0025366605873798484
2016-06-17,0.0
2016-06-18,0.0
2016-06-19,0.0
2016-06-20,0.005307574739809612
2016-06-21,-0.0004924161339326797
2016-06-22,0.0029450271782213867
2016-06-23,-0.022385484623975736
2016-06-24,0.0
2016-06-25,0.0
2016-06-26,0.0
2016-06-27,-0.006669642487096894
2016-06-28,0.006418698476769466
2016-06-29,0.010670274926157379
2016-06-30,0.005318571174082954
2016-07-01,0.0
2016-07-02,0.0
2016-07-03,0.0
2016-07-04,0.0
2016-07-05,0.0016423979071217892
2016-07-06,-0.012835905602268636
2016-07-07,-0.0007065366938506326
2016-07-08,0.0
2016-07-09,0.0
2016-07-10,0.0
2016-07-11,-0.007093452040297411
2016-07-12,0.0012182700181358904
2016-07-13,0.0017932426976989264
2016-07-14,-0.00498422700794458
2016-07-15,0.0
2016-07-16,0.0
2016-07-17,0.0
2016-07-18,0.0012774298510524378
2016-07-19,0.003095811977750473
2016-07-20,0.00860174961248351
2016-07-21,0.0014763308589360242
2016-07-22,0.0
2016-07-23,0.0
2016-07-24,0.0
2016-07-25,-0.006458338531653262
2016-07-26,-0.006147446602217966
2016-07-27,-0.0022127244917281665
2016-07-28,0.0024656355979370435
2016-07-29,0.0
2016-07-30,0.0
2016-07-31,0.0
2016-08-01,-0.013169822721062045
2016-08-02,-0.0033882745387999996
2016-08-03,0.03163898019675588
2016-08-04,0.011297087176862217
2016-08-05,0.0
2016-08-06,0.0
2016-08-07,0.0
2016-08-08,-0.0027446277676359543
2016-08-09,-0.004521242852157537
2016-08-10,0.004669301226917681
2016-08-11,0.00029207105073392084
2016-08-12,0.0
2016-08-13,0.0
2016-08-14,0.0
2016-08-15,-0.009400951019945161
2016-08-16,0.004310704381883233
2016-08-17,0.004468124202947333
2016-08-18,-0.0013552879710469537
2016-08-19,0.0
2016-08-20,0.0
2016-08-21,0.0
2016-08-22,-0.008084374543404285
2016-08-23,-0.00030335263324080127
2016-08-24,0.0026345048985167664
2016-08-25,0.0004648273257531521
2016-08-26,0.0
2016-08-27,0.0
2016-08-28,0.0
2016-08-29,0.0
2016-08-30,-0.005588621283159068
2016-08-31,-0.003983551551167898
2016-09-01,-0.0005792624577693041
2016-09-02,0.0
2016-09-03,0.0
2016-09-04,0.0
2016-09-05,0.0
2016-09-06,0.00016660894896051645
2016-09-07,0.005961030195735307
2016-09-08,-0.0005959263614130446
2016-09-09,0.0
2016-09-10,0.0
2016-09-11,0.0
2016-09-12,0.0
2016-09-13,0.01667817972683248
2016-09-14,0.005270347036957636
2016-09-15,0.0016864299005456935
2016-09-16,0.0
2016-09-17,0.0
2016-09-18,0.0
2016-09-19,0.0030154152923048154
2016-09-20,0.017550395461958575
2016-09-21,0.003416162841854669
2016-09-22,-0.006719921338688894
2016-09-23,0.0
2016-09-24,0.0
2016-09-25,0.0
2016-09-26,0.011238925801529367
2016-09-27,0.009375617271768876
2016-09-28,-0.008486057563851223
2016-09-29,0.012087334365595087
2016-09-30,0.0
2016-10-01,0.0
2016-10-02,0.0
2016-10-03,0.0025129053128138956
2016-10-04,0.006681427686897383
2016-10-05,0.0025973050126122856
2016-10-06,0.006724277143908675
2016-10-07,0.0
2016-10-08,0.0
2016-10-09,0.0
2016-10-10,-0.017864640820336362
2016-10-11,0.004659173017915679
2016-10-12,-0.0017057981765632817
2016-10-13,0.0019421733966116465
2016-10-14,0.0
2016-10-15,0.0
2016-10-16,0.0
2016-10-17,0.00819256397218177
2016-10-18,-0.0011112894689104301
2016-10-19,-0.007912315040655187
2016-10-20,0.003661601951672603
2016-10-21,0.0
2016-10-22,0.0
2016-10-23,0.0
2016-10-24,-0.0036462378335319697
2016-10-25,0.030044270939392832
2016-10-26,0.008094861411272617
2016-10-27,-0.003153842427009502
2016-10-28,0.0
2016-10-29,0.0
2016-10-30,0.0
2016-10-31,-0.0025716599687614083
2016-11-01,0.0006811007202016777
2016-11-02,-0.008327336740588474
2016-11-03,-0.002604839631463443
2016-11-04,0.0
2016-11-05,0.0
2016-11-06,0.0
2016-11-07,-0.0071364544828556075
2016-11-08,0.020536701215046086
2016-11-09,0.013283297012482966
2016-11-10,-0.0032121192437620295
2016-11-11,0.0
2016-11-12,0.0
2016-11-13,0.0
2016-11-14,-0.0071647340716440655
2016-11-15,-0.005046096905074585
2016-11-16,0.004992435682617001
2016-11-17,-0.004921734080521847
2016-11-18,0.0
2016-11-19,0.0
2016-11-20,0.0
2016-11-21,0.008633776409180262
2016-11-22,-0.0013329978776534103
2016-11-23,0.0
2016-11-24,0.0
2016-11-25,0.0
2016-11-26,0.0
2016-11-27,0.0
2016-11-28,0.003720061741382663
2016-11-29,0.002399441724877052
2016-11-30,0.005102495014360066
2016-12-01,0.00026716128759178624
2016-12-02,0.0
2016-12-03,0.0
2016-12-04,0.0
2016-12-05,0.0
2016-12-06,0.02298701595642924
2016-12-07,0.006093604109770941
2016-12-08,-0.001863904216155989
2016-12-09,0.0
2016-12-10,0.0
2016-12-11,0.0
2016-12-12,-0.004357987224793311
2016-12-13,-0.011349533861465222
2016-12-14,0.0013604574918918333
2016-12-15,-0.012857116791400442
2016-12-16,0.0
2016-12-17,0.0
2016-12-18,0.0
2016-12-19,0.0
2016-12-20,-0.005460134289292685
2016-12-21,-0.0014720970233807694
2016-12-22,0.0009234329444148348
2016-12-23,0.0
2016-12-24,0.0
2016-12-25,0.0
2016-12-26,0.0
2016-12-27,0.004581413922512212
2016-12-28,-0.004257456354944684
2016-12-29,-0.0008690538710232233
2016-12-30,0.0
2016-12-31,0.0
2017-01-01,0.0
2017-01-02,0.0
2017-01-03,0.004547679855209097
2017-01-04,0.00044089634958849116
2017-01-05,0.0015398410104759462
2017-01-06,0.0
2017-01-07,0.0
2017-01-08,0.0
2017-01-09,0.0004701077029595184
2017-01-10,0.00019446392954165564
2017-01-11,-0.003061188778849505
2017-01-12,0.004762046611317562
2017-01-13,0.0
2017-01-14,0.0
2017-01-15,0.0
2017-01-16,0.0
2017-01-17,0.0004222178109869468
2017-01-18,0.012177970272471934
2017-01-19,-0.001873669841630523
2017-01-20,0.0
2017-01-21,0.0
2017-01-22,0.0
2017-01-23,-0.004040349912709296
2017-01-24,-0.0043899827785136855
2017-01-25,0.0017479702466107183
2017-01-26,0.009499392485186867
2017-01-27,0.0
2017-01-28,0.0
2017-01-29,0.0
2017-01-30,0.004750451887274172
2017-01-31,-0.002294298580218193
2017-02-01,0.0019797484344362777
2017-02-02,0.003917123954019667
2017-02-03,0.0
2017-02-04,0.0
2017-02-05,0.0
2017-02-06,-0.005134867627878847
2017-02-07,-0.002107697088870361
2017-02-08,0.01285774510004651
2017-02-09,0.007540532045069383
2017-02-10,0.0
2017-02-11,0.0
2017-02-12,0.0
2017-02-13,0.009522991258543225
2017-02-14,0.0004969170637139212
2017-02-15,-0.0024364697087310844
2017-02-16,-0.002373555128664969
2017-02-17,0.0
2017-02-18,0.0
2017-02-19,0.0
2017-02-20,0.0
2017-02-21,-0.0036493192502136083
2017-02-22,0.001431544728529896
2017-02-23,-0.0004877025778857011
2017-02-24,0.0
2017-02-25,0.0
2017-02-26,0.0
2017-02-27,-0.013663780991425345
2017-02-28,0.006943806157495536
2017-03-01,0.000852239825470783
2017-03-02,0.00138070954790536
2017-03-03,0.0
2017-03-04,0.0
2017-03-05,0.0
2017-03-06,-0.00288624211141153
2017-03-07,-0.010054841742122506
2017-03-08,0.0014744207277183632
2017-03-09,0.00036386293729497986
2017-03-10,0.0
2017-03-11,0.0
2017-03-12,0.0
2017-03-13,-0.0030190316256422196
2017-03-14,0.0035335634156108678
2017-03-15,0.0012330375194410696
2017-03-16,0.003006100459989864
2017-03-17,0.0
2017-03-18,0.0
2017-03-19,0.0
2017-03-20,-0.014565397526958235
2017-03-21,-0.0033725974479424403
2017-03-22,-0.00044859251758977935
2017-03-23,-0.004349705244127743
2017-03-24,0.0
2017-03-25,0.0
2017-03-26,0.0
2017-03-27,0.01664741915686374
2017-03-28,-0.002146659272893661
2017-03-29,0.0005251730046378248
2017-03-30,-0.0005401039460495899
2017-03-31,0.0
2017-04-01,0.0
2017-04-02,0.0
2017-04-03,0.009610519279051186
2017-04-04,-0.0003765812992644953
2017-04-05,0.004437433671157062
2017-04-06,-0.005256492349505252
2017-04-07,0.0
2017-04-08,0.0
2017-04-09,0.0
2017-04-10,0.0009654271571015727
2017-04-11,-0.01135824318086959
2017-04-12,-0.0063906683857755915
2017-04-13,0.0
2017-04-14,0.0
2017-04-15,0.0
2017-04-16,0.0
2017-04-17,-0.04830624934616079
2017-04-18,-0.0002600251256593409
2017-04-19,0.003792316037596283
2017-04-20,-0.0029687593874979873
2017-04-21,0.0
2017-04-22,0.0
2017-04-23,0.0
2017-04-24,0.003070676210714456
2017-04-25,-0.0006293013180688788
2017-04-26,0.018597734286173437
2017-04-27,0.0019352437027822548
2017-04-28,0.0
2017-04-29,0.0
2017-04-30,0.0
2017-05-01,0.005243299501126624
2017-05-02,0.0010605088885693782
2017-05-03,0.0007776862933395283
2017-05-04,-0.0014930267093178743
2017-05-05,0.0
2017-05-06,0.0
2017-05-07,0.0
2017-05-08,0.0030852906732090485
2017-05-09,-0.0010945560837802451
2017-05-10,-0.003399866337769529
2017-05-11,0.0012853936092019846
2017-05-12,0.0
2017-05-13,0.0
2017-05-14,0.0
2017-05-15,0.005660697112025351
2017-05-16,-0.008050079693181748
2017-05-17,0.004207588189197195
2017-05-18,0.015632402565949017
2017-05-19,0.0
2017-05-20,0.0
2017-05-21,0.0
2017-05-22,0.003523285579501338
2017-05-23,-0.00428832662725789
2017-05-24,0.006634246518343464
2017-05-25,0.0028893777802784745
2017-05-26,0.0
2017-05-27,0.0
2017-05-28,0.0
2017-05-29,0.0
2017-05-30,0.01605446262478738
2017-05-31,0.0018362541244849595
2017-06-01,-0.00521094900980712
2017-06-02,0.0
2017-06-03,0.0
2017-06-04,0.0
2017-06-05,-0.007477992276024325
2017-06-06,0.0036470548810297937
2017-06-07,0.0047975050903818015
2017-06-08,0.009533786986867068
2017-06-09,0.0
2017-06-10,0.0
2017-06-11,0.0
2017-06-12,0.012568713430261447
2017-06-13,0.0007549736942951421
2017-06-14,-0.0014747870590167858
2017-06-15,0.01145177575381996
2017-06-16,0.0
2017-06-17,0.0
2017-06-18,0.0
2017-06-19,6.001050220004814e-05
2017-06-20,0.0025097768660407617
2017-06-21,0.0006994727424811641
2017-06-22,0.006453840993637192
2017-06-23,0.0
2017-06-24,0.0
2017-06-25,0.0
2017-06-26,-0.01660331029695445
2017-06-27,0.002943405522451391
2017-06-28,-0.004429750920039714
2017-06-29,5.439059987165945e-05
2017-06-30,0.0
2017-07-01,0.0
2017-07-02,0.0
2017-07-03,0.0
2017-07-04,0.0
2017-07-05,0.017132786022276747
2017-07-06,-0.0005294871841080495
2017-07-07,0.0
2017-07-08,0.0
2017-07-09,0.0
2017-07-10,0.01081446150197607
2017-07-11,0.015251290614361163
2017-07-12,0.0005568260959928949
2017-07-13,0.0016097052206740922
2017-07-14,0.0
2017-07-15,0.0
2017-07-16,0.0
2017-07-17,0.005698800986521769
2017-07-18,-0.00867042483248795
2017-07-19,0.004998986957632986
2017-07-20,-0.001977002227587844
2017-07-21,0.0
2017-07-22,0.0
2017-07-23,0.0
2017-07-24,0.0012412185486475316
2017-07-25,-0.0020304916878637674
2017-07-26,-0.0026045583553459778
2017-07-27,0.00548751226055975
2017-07-28,0.0
2017-07-29,0.0
2017-07-30,0.0
2017-07-31,-0.0016702437339725091
2017-08-01,0.003303073218314187
2017-08-02,-0.00232771169589556
2017-08-03,-0.004004160514990089
2017-08-04,0.0
2017-08-05,0.0
2017-08-06,0.0
2017-08-07,-0.00606782529154486
2017-08-08,-0.003853017585839362
2017-08-09,0.0048144698812535025
2017-08-10,-0.000936180382975528
2017-08-11,0.0
2017-08-12,0.0
2017-08-13,0.0
2017-08-14,0.00109407292726263
2017-08-15,0.0039558901863437235
2017-08-16,-0.01351809283465846
2017-08-17,-0.008946023631203075
2017-08-18,0.0
2017-08-19,0.0
2017-08-20,0.0
2017-08-21,-0.006078070442036676
2017-08-22,-0.006867566819508988
2017-08-23,-0.007965470198323665
2017-08-24,0.0027580800753719235
2017-08-25,0.0
2017-08-26,0.0
2017-08-27,0.0
2017-08-28,-0.006562773879636108
2017-08-29,0.022595442763259838
2017-08-30,0.0017458457438218225
2017-08-31,0.013410342752024903
2017-09-01,0.0
2017-09-02,0.0
2017-09-03,0.0
2017-09-04,0.0
2017-09-05,0.004001833899486051
2017-09-06,0.0004146313169727106
2017-09-07,0.0034336856906925697
2017-09-08,0.0
2017-09-09,0.0
2017-09-10,0.0
2017-09-11,-0.007471565405604785
2017-09-12,0.0028756164117114125
2017-09-13,-0.0007488943419592508
2017-09-14,-0.001750746343488488
2017-09-15,0.0
2017-09-16,0.0
2017-09-17,0.0
2017-09-18,0.0022656141693251364
2017-09-19,0.008111469083968537
2017-09-20,0.001835257361916894
2017-09-21,-0.004681150225260706
2017-09-22,0.0
2017-09-23,0.0
2017-09-24,0.0
2017-09-25,0.0006270425195525533
2017-09-26,0.0030767415548033513
2017-09-27,-0.007716438906958509
2017-09-28,0.00809810416244083
2017-09-29,0.0
2017-09-30,0.0
2017-10-01,0.0
2017-10-02,0.003854151560437082
2017-10-03,0.0011855916141547528
2017-10-04,0.0026506590126973454
2017-10-05,0.00162335254536596
2017-10-06,0.0
2017-10-07,0.0
2017-10-08,0.0
2017-10-09,-0.0009661611830657598
2017-10-10,-0.0007440157598455258
2017-10-11,0.00395818809105219
2017-10-12,-0.003042746074711248
2017-10-13,0.0
2017-10-14,0.0
2017-10-15,0.0
2017-10-16,0.0052527896783102
2017-10-17,-0.0005560202097047336
2017-10-18,-0.0050375397898276796
2017-10-19,0.0009855598157585167
2017-10-20,0.0
2017-10-21,0.0
2017-10-22,0.0
2017-10-23,-0.005340688541564465
2017-10-24,0.002461459067643108
2017-10-25,-0.0029412050775121535
2017-10-26,0.019735337106634162
2017-10-27,0.0
2017-10-28,0.0
2017-10-29,0.0
2017-10-30,0.004327324273169045
2017-10-31,-0.0023111245809560588
2017-11-01,-0.002372948795754529
2017-11-02,0.0007675288266012034
2017-11-03,0.0
2017-11-04,0.0
2017-11-05,0.0
2017-11-06,-0.022571362054073507
2017-11-07,0.0010103647945826865
2017-11-08,-0.002499489444191961
2017-11-09,0.005555478705995803
2017-11-10,0.0
2017-11-11,0.0
2017-11-12,0.0
2017-11-13,-0.0008152064096536597
2017-11-14,0.0049716409778440985
2017-11-15,0.0016440812591525576
2017-11-16,-0.006212266244927234
2017-11-17,0.0
2017-11-18,0.0
2017-11-19,0.0
2017-11-20,0.003710317196984824
2017-11-21,-0.0006635153281544324
2017-11-22,0.0
2017-11-23,0.0
2017-11-24,0.0
2017-11-25,0.0
2017-11-26,0.0
2017-11-27,0.004375046309371471
2017-11-28,0.003431252179347532
2017-11-29,-0.00303458497273113
2017-11-30,0.003976798704749755
2017-12-01,0.0
2017-12-02,0.0
2017-12-03,0.0
2017-12-04,-0.006117779077498154
2017-12-05,-0.008008172000827655
2017-12-06,0.00284646415523905
2017-12-07,0.0060078736286715145
2017-12-08,0.0
2017-12-09,0.0
2017-12-10,0.0
2017-12-11,0.0009764167911270327
2017-12-12,0.0018494911185512857
2017-12-13,-0.004178482223108288
2017-12-14,0.004663826025500455
2017-12-15,0.0
2017-12-16,0.0
2017-12-17,0.0
2017-12-18,-0.011236087388310612
2017-12-19,-0.015623968011809108
2017-12-20,-0.0011161839702205165
2017-12-21,0.0019692493923416355
2017-12-22,0.0
2017-12-23,0.0
2017-12-24,0.0
2017-12-25,0.0
2017-12-26,0.0017013052088836254
2017-12-27,-0.002068796943872096
2017-12-28,-0.0019836532348221627
2017-12-29,0.0
2017-12-30,0.0
2017-12-31,0.0
2018-01-01,0.0
2018-01-02,-0.00229144085615103
2018-01-03,-0.004255302741336587
2018-01-04,0.00010422964966468127
2018-01-05,0.0
2018-01-06,0.0
2018-01-07,0.0
2018-01-08,-0.002795009395905303
2018-01-09,-0.0009512983231141474
2018-01-10,0.013484485926471761
2018-01-11,0.009101603710543733
2018-01-12,0.0
2018-01-13,0.0
2018-01-14,0.0
2018-01-15,0.0
2018-01-16,0.011865084012924302
2018-01-17,0.002459131038351026
2018-01-18,8.832156552318154e-05
2018-01-19,0.0
2018-01-20,0.0
2018-01-21,0.0
2018-01-22,0.0
2018-01-23,-0.0024141790224980753
2018-01-24,0.006856198142872247
2018-01-25,0.008183858840840722
2018-01-26,0.0
2018-01-27,0.0
2018-01-28,0.0
2018-01-29,0.014413995851693943
2018-01-30,-0.0014994077511995278
2018-01-31,0.0034683502034826594
2018-02-01,0.007939380072283472
2018-02-02,0.0
2018-02-03,0.0
2018-02-04,0.0
2018-02-05,0.003992525022757869
2018-02-06,-0.008157312887933619
2018-02-07,0.0023094215636651405
2018-02-08,0.012537186059978774
2018-02-09,0.0
2018-02-10,0.0
2018-02-11,0.0
2018-02-12,-0.006528413607260406
2018-02-13,-0.002039667826233974
2018-02-14,-0.009329763286553189
2018-02-15,-0.0058102382341870505
2018-02-16,0.0
2018-02-17,0.0
2018-02-18,0.0
2018-02-19,0.0
2018-02-20,-0.010541228123189583
2018-02-21,-0.0002744313379043368
2018-02-22,0.012824491813994948
2018-02-23,0.0
2018-02-24,0.0
2018-02-25,0.0
2018-02-26,0.01871352286197588
2018-02-27,0.013413191002148949
2018-02-28,-0.004493727536219861
2018-03-01,0.001907424781271807
2018-03-02,0.0
2018-03-03,0.0
2018-03-04,0.0
2018-03-05,0.0
2018-03-06,0.0
2018-03-07,0.0
2018-03-08,-0.0026902845362217105
2018-03-09,0.0
2018-03-10,0.0
2018-03-11,0.0
2018-03-12,0.005603315241842655
2018-03-13,0.0052374103290661125
2018-03-14,-0.005736737044240724
2018-03-15,0.000737198944690418
2018-03-16,0.0
2018-03-17,0.0
2018-03-18,0.0
2018-03-19,0.010629862925889633
2018-03-20,-0.01211032558746371
2018-03-21,-0.013555053438703658
2018-03-22,0.007695440171121871
2018-03-23,0.0
2018-03-24,0.0
2018-03-25,0.0
2018-03-26,0.01910330117453629
2018-03-27,0.009331308861908149
2018-03-28,0.0012927321806228507
2018-03-29,0.0
2018-03-30,0.0
2018-03-31,0.0
2018-04-01,0.0
2018-04-02,0.0009277291586977654
2018-04-03,0.020786253006898472
2018-04-04,-0.0009145178326360301
2018-04-05,0.008275188072313163
2018-04-06,0.0
2018-04-07,0.0
2018-04-08,0.0
2018-04-09,-0.025387841839533465
2018-04-10,0.007649739147602345
2018-04-11,-0.004295635687507676
2018-04-12,0.001451818071019633
2018-04-13,0.0
2018-04-14,0.0
2018-04-15,0.0
2018-04-16,0.015164431592114447
2018-04-17,1.1700660385839667e-05
2018-04-18,-0.0068289709846208625
2018-04-19,0.0049698569479192534
2018-04-20,0.0
2018-04-21,0.0
2018-04-22,0.0
2018-04-23,-0.007685857104445054
2018-04-24,0.00224294206919494
2018-04-25,0.007510310000636261
2018-04-26,0.006521853472751541
2018-04-27,0.0
2018-04-28,0.0
2018-04-29,0.0
2018-04-30,0.020649833801107853
2018-05-01,0.046202341932035706
2018-05-02,0.017023698459555016
2018-05-03,0.009113536885893952
2018-05-04,0.0
2018-05-05,0.0
2018-05-06,0.0
2018-05-07,0.00990541534889342
2018-05-08,0.008234007055906031
2018-05-09,-0.004721840377784496
2018-05-10,-0.005277733955402809
2018-05-11,0.0
2018-05-12,0.0
2018-05-13,0.0
2018-05-14,-0.014618689045211401
2018-05-15,0.005297613495287304
2018-05-16,-0.0014988930832600341
2018-05-17,-0.004052664683724961
2018-05-18,0.0
2018-05-19,0.0
2018-05-20,0.0
2018-05-21,0.006614051221923875
2018-05-22,-0.00010111120258023154
2018-05-23,0.0008788812570146664
2018-05-24,-0.006886992252531312
2018-05-25,0.0
2018-05-26,0.0
2018-05-27,0.0
2018-05-28,0.0
2018-05-29,0.0
2018-05-30,-0.002669811667244537
2018-05-31,0.0025174116864987877
2018-06-01,0.0
2018-06-02,0.0
2018-06-03,0.0
2018-06-04,0.0
2018-06-05,0.0
2018-06-06,-0.0022411097490972545
2018-06-07,-0.002491525497555974
2018-06-08,0.0
2018-06-09,0.0
2018-06-10,0.0
2018-06-11,0.010360355235237805
2018-06-12,-0.011731521948836466
2018-06-13,-0.00821524401861911
2018-06-14,0.0004610600672115353
2018-06-15,0.0
2018-06-16,0.0
2018-06-17,0.0
2018-06-18,0.007020420529792572
2018-06-19,0.0041402466937868225
2018-06-20,-0.001630017975255442
2018-06-21,-0.0037475392119140443
2018-06-22,0.0
2018-06-23,0.0
2018-06-24,0.0
2018-06-25,-0.006371014785786944
2018-06-26,-0.010474102474389667
2018-06-27,-0.0002377699955309412
2018-06-28,0.0026341126577792777
2018-06-29,0.0
2018-06-30,0.0
2018-07-01,0.0
2018-07-02,-0.018287189531872673
2018-07-03,0.0
2018-07-04,0.0
2018-07-05,-0.001791605921343991
2018-07-06,0.0
2018-07-07,0.0
2018-07-08,0.0
2018-07-09,0.007164041543931136
2018-07-10,0.005236564134924459
2018-07-11,0.0031943665171798967
2018-07-12,0.0028137121629282333
2018-07-13,0.0
2018-07-14,0.0
2018-07-15,0.0
2018-07-16,0.0
2018-07-17,0.004996739375704884
2018-07-18,-0.004136898477132611
2018-07-19,0.007602929736371816
2018-07-20,0.0
2018-07-21,0.0
2018-07-22,0.0
2018-07-23,0.0
2018-07-24,0.003429796767048657
2018-07-25,0.024680931331993478
2018-07-26,0.002892473346438171
2018-07-27,0.0
2018-07-28,0.0
2018-07-29,0.0
2018-07-30,-0.0038067699144200065
2018-07-31,0.0009348972919169632
2018-08-01,-0.0027857229696352423
2018-08-02,-0.004346461375800211
2018-08-03,0.0
2018-08-04,0.0
2018-08-05,0.0
2018-08-06,0.0
2018-08-07,-0.0008167870044362147
2018-08-08,0.0002342732013100473
2018-08-09,-0.004412279781302571
2018-08-10,0.0
2018-08-11,0.0
2018-08-12,0.0
2018-08-13,-0.016640357926057447
2018-08-14,-0.022759012773093994
2018-08-15,0.00039986728408261804
2018-08-16,0.0046063775277682874
2018-08-17,0.0
2018-08-18,0.0
2018-08-19,0.0
2018-08-20,0.007653817805147755
2018-08-21,0.001006501755298455
2018-08-22,-0.005301647603899715
2018-08-23,-0.002053712141939828
2018-08-24,0.0
2018-08-25,0.0
2018-08-26,0.0
2018-08-27,-0.004585277308539304
2018-08-28,0.0010207776218233988
2018-08-29,-0.007251137352572377
2018-08-30,0.002151041739930601
2018-08-31,0.0
2018-09-01,0.0
2018-09-02,0.0
2018-09-03,0.0
2018-09-04,-0.006463074595587592
2018-09-05,-0.007697385520903174
2018-09-06,0.0019120995346104234
2018-09-07,0.0
2018-09-08,0.0
2018-09-09,0.0
2018-09-10,0.0
2018-09-11,-0.01625811652093212
2018-09-12,-0.0016563088197047442
2018-09-13,-0.013632240884798627
2018-09-14,0.0
2018-09-15,0.0
2018-09-16,0.0
2018-09-17,0.0
2018-09-18,-0.0029715789301371105
2018-09-19,0.0009616535310850161
2018-09-20,-0.0020384746207910286
2018-09-21,0.0
2018-09-22,0.0
2018-09-23,0.0
2018-09-24,-0.011534888604421121
2018-09-25,-0.006772237584157459
2018-09-26,0.007392323274825364
2018-09-27,0.004950424465879405
2018-09-28,0.0
2018-09-29,0.0
2018-09-30,0.0
2018-10-01,0.008650185320666135
2018-10-02,-0.00023873786606820602
2018-10-03,0.010868401718659097
2018-10-04,0.0029915668674910085
2018-10-05,0.0
2018-10-06,0.0
2018-10-07,0.0
2018-10-08,-0.014166703920854404
2018-10-09,0.040137791458822236
2018-10-10,-0.011479774401045438
2018-10-11,-0.002824290297161406
2018-10-12,0.0
2018-10-13,0.0
2018-10-14,0.0
2018-10-15,0.001594185464735021
2018-10-16,0.0041173454761587154
2018-10-17,0.01813703945606314
2018-10-18,0.014196256384552528
2018-10-19,0.0
2018-10-20,0.0
2018-10-21,0.0
2018-10-22,-0.0017530134567589422
2018-10-23,0.018316454210086857
2018-10-24,-0.002448695632267415
2018-10-25,0.03654118641207793
2018-10-26,0.0
2018-10-27,0.0
2018-10-28,0.0
2018-10-29,0.013366176795437505
2018-10-30,0.0016372934318732522
2018-10-31,-0.004613925988332707
2018-11-01,0.0038030191468868364
2018-11-02,0.0
2018-11-03,0.0
2018-11-04,0.0
2018-11-05,0.0
2018-11-06,0.005899639885476926
2018-11-07,0.001488752945346224
2018-11-08,0.001072411123047761
2018-11-09,0.0
2018-11-10,0.0
2018-11-11,0.0
2018-11-12,0.0
2018-11-13,-0.004389840613884921
2018-11-14,-0.009985435967386882
2018-11-15,-0.00034092979134656165
2018-11-16,0.0
2018-11-17,0.0
2018-11-18,0.0
2018-11-19,0.0050334258216706415
2018-11-20,-0.013759620864076555
2018-11-21,0.0
2018-11-22,0.0
2018-11-23,0.0
2018-11-24,0.0
2018-11-25,0.0
2018-11-26,-0.005994104092645761
2018-11-27,0.006324504638718415
2018-11-28,-0.008954349795460384
2018-11-29,0.0024100907600618574
2018-11-30,0.0
2018-12-01,0.0
2018-12-02,0.0
2018-12-03,-0.025054774927883994
2018-12-04,0.0
2018-12-05,0.0
2018-12-06,0.0380214057985766
2018-12-07,0.0
2018-12-08,0.0
2018-12-09,0.0
2018-12-10,-0.0005961233047913584
2018-12-11,-0.00281724190355913
2018-12-12,0.004539125945224806
2018-12-13,-0.007285985010242292
2018-12-14,0.0
2018-12-15,0.0
2018-12-16,0.0
2018-12-17,-0.0005021744654018481
2018-12-18,0.004020121456220602
2018-12-19,0.012954055905051892
2018-12-20,0.022070284783717767
2018-12-21,0.0
2018-12-22,0.0
2018-12-23,0.0
2018-12-24,0.0
2018-12-25,0.0
2018-12-26,0.02337218885513964
2018-12-27,-0.0030442678261118393
2018-12-28,0.0
2018-12-29,0.0
2018-12-30,0.0
2018-12-31,0.0
2019-01-01,0.0
2019-01-02,0.010469753530699033
2019-01-03,-0.00640430681205128
2019-01-04,0.0
2019-01-05,0.0
2019-01-06,0.0
2019-01-07,-0.0017483088392979233
2019-01-08,-0.003011271744610802
2019-01-09,-0.00345210087213675
2019-01-10,0.002959192430318838
2019-01-11,0.0
2019-01-12,0.0
2019-01-13,0.0
2019-01-14,0.013009207075379222
2019-01-15,0.004020786325830493
2019-01-16,0.026458687634640543
2019-01-17,-0.005696737503866791
2019-01-18,0.0
2019-01-19,0.0
2019-01-20,0.0
2019-01-21,0.0
2019-01-22,0.002045340699727052
2019-01-23,0.01869042594948297
2019-01-24,0.014517348738603648
2019-01-25,0.0
2019-01-26,0.0
2019-01-27,0.0
2019-01-28,0.004009653706265008
2019-01-29,-0.0033815630348919615
2019-01-30,0.0008420762246796882
2019-01-31,0.00489212414417021
2019-02-01,0.0
2019-02-02,0.0
2019-02-03,0.0
2019-02-04,0.0
2019-02-05,0.0
2019-02-06,-0.04815950132996982
2019-02-07,0.003276748742376285
2019-02-08,0.0
2019-02-09,0.0
2019-02-10,0.0
2019-02-11,0.006150982236382088
2019-02-12,0.0062004291829708775
2019-02-13,-0.0012521597548428127
2019-02-14,0.006432189701648957
2019-02-15,0.0
2019-02-16,0.0
2019-02-17,0.0
2019-02-18,0.0
2019-02-19,0.006564619152673476
2019-02-20,0.0013086215899260805
2019-02-21,0.0022176202134729715
2019-02-22,0.0
2019-02-23,0.0
2019-02-24,0.0
2019-02-25,0.025872100783097922
2019-02-26,-0.008323822728123072
2019-02-27,0.005856789091240774
2019-02-28,0.00577944641146854
2019-03-01,0.0
2019-03-02,0.0
2019-03-03,0.0
2019-03-04,-0.001761732659641471
2019-03-05,0.005008096574287295
2019-03-06,-2.653643212946412e-05
2019-03-07,0.003563161600794442
2019-03-08,0.0
2019-03-09,0.0
2019-03-10,0.0
2019-03-11,0.008560324187242372
2019-03-12,0.0008298428118127129
2019-03-13,-0.00680301742183188
2019-03-14,0.0012844419349160678
2019-03-15,0.0
2019-03-16,0.0
2019-03-17,0.0
2019-03-18,-0.007919186537965792
2019-03-19,-0.00674923526696874
2019-03-20,-0.002035159439189517
2019-03-21,-0.007146245718497704
2019-03-22,0.0
2019-03-23,0.0
2019-03-24,0.0
2019-03-25,0.00991143275208728
2019-03-26,0.005051309992983527
2019-03-27,0.0025737062837827354
2019-03-28,2.2194463040503196e-05
2019-03-29,0.0
2019-03-30,0.0
2019-03-31,0.0
2019-04-01,-0.002502811113675119
2019-04-02,0.004836218603963498
2019-04-03,0.005164445510555593
2019-04-04,0.0075825976063353655
2019-04-05,0.0
2019-04-06,0.0
2019-04-07,0.0
2019-04-08,0.003058202049325054
2019-04-09,0.013947987979016752
2019-04-10,-0.008503676380741766
2019-04-11,-0.005333082543781449
2019-04-12,0.0
2019-04-13,0.0
2019-04-14,0.0
2019-04-15,-0.008797555675252375
2019-04-16,-0.007913968813582624
2019-04-17,-0.006916926219673511
2019-04-18,0.0
2019-04-19,0.0
2019-04-20,0.0
2019-04-21,0.0
2019-04-22,-0.007604286337984479
2019-04-23,0.011961795497117983
2019-04-24,0.005664902578636889
2019-04-25,-0.012449292816575135
2019-04-26,0.0
2019-04-27,0.0
2019-04-28,0.0
2019-04-29,0.0008411352699669856
2019-04-30,0.007081351956467563
2019-05-01,0.006590477610089516
2019-05-02,0.012071247221770736
2019-05-03,0.0
2019-05-04,0.0
2019-05-05,0.0
2019-05-06,-0.006879346556479786
2019-05-07,0.007998139418756892
2019-05-08,0.0018288006176026782
2019-05-09,-0.00018766024569042295
2019-05-10,0.0
2019-05-11,0.0
2019-05-12,0.0
2019-05-13,0.019939799432054137
2019-05-14,-0.002801145289804706
2019-05-15,0.006244212882587267
2019-05-16,2.5203685804652822e-05
2019-05-17,0.0
2019-05-18,0.0
2019-05-19,0.0
2019-05-20,0.007001462660349963
2019-05-21,0.0037262130527883188
2019-05-22,0.00017145407834967606
2019-05-23,0.008557607211613524
2019-05-24,0.0
2019-05-25,0.0
2019-05-26,0.0
2019-05-27,0.0
2019-05-28,-0.0022925376070915817
2019-05-29,0.004744793285920056
2019-05-30,0.002640038356244763
2019-05-31,0.0
2019-06-01,0.0
2019-06-02,0.0
2019-06-03,-0.03625397743632508
2019-06-04,-0.0006847744795726815
2019-06-05,-0.0029295516141410534
2019-06-06,0.004044767764067319
2019-06-07,0.0
2019-06-08,0.0
2019-06-09,0.0
2019-06-10,-0.00022069428802251774
2019-06-11,-0.0034799095154068585
2019-06-12,-0.003262984981350226
2019-06-13,0.0012187321827090503
2019-06-14,0.0
2019-06-15,0.0
2019-06-16,0.0
2019-06-17,0.010408646061957412
2019-06-18,0.005994552636919487
2019-06-19,0.004458279435200112
2019-06-20,0.0028174810430879093
2019-06-21,0.0
2019-06-22,0.0
2019-06-23,0.0
2019-06-24,-0.014979169423475908
2019-06-25,-0.002962972609806216
2019-06-26,-0.004995813306538802
2019-06-27,0.01428205475710512
2019-06-28,0.0
2019-06-29,0.0
2019-06-30,0.0
2019-07-01,0.0
2019-07-02,-0.0013271860740720065
2019-07-03,0.0
2019-07-04,0.0
2019-07-05,0.0
2019-07-06,0.0
2019-07-07,0.0
2019-07-08,0.0
2019-07-09,0.004021354876138405
2019-07-10,-0.0026281651271854015
2019-07-11,-0.0017666169529030097
2019-07-12,0.0
2019-07-13,0.0
2019-07-14,0.0
2019-07-15,-0.001285004568112211
2019-07-16,0.01048386108873956
2019-07-17,-2.1477580251970927e-05
2019-07-18,-0.005038397855190389
2019-07-19,0.0
2019-07-20,0.0
2019-07-21,0.0
2019-07-22,-0.008448988885174077
2019-07-23,0.0020375015813750047
2019-07-24,0.007305069960439197
2019-07-25,-0.0029354242714902394
2019-07-26,0.0
2019-07-27,0.0
2019-07-28,0.0
2019-07-29,0.0020328794161942696
2019-07-30,-0.004797853689476855
2019-07-31,-0.003987453083746142
2019-08-01,0.004077014381896959
2019-08-02,0.0
2019-08-03,0.0
2019-08-04,0.0
2019-08-05,0.0
2019-08-06,0.011161064197114712
2019-08-07,0.014021765089348175
2019-08-08,-0.005516488683315637
2019-08-09,0.0
2019-08-10,0.0
2019-08-11,0.0
2019-08-12,0.0050822514572094095
2019-08-13,0.005499928925107802
2019-08-14,0.03725139405379077
2019-08-15,-0.009881653002160203
2019-08-16,0.0
2019-08-17,0.0
2019-08-18,0.0
2019-08-19,-0.016320980960025846
2019-08-20,-0.013695100490334202
2019-08-21,0.006346124058152063
2019-08-22,0.015358073316209976
2019-08-23,0.0
2019-08-24,0.0
2019-08-25,0.0
2019-08-26,-0.0020986881184648235
2019-08-27,-0.0016586099943489217
2019-08-28,-0.013810591237163355
2019-08-29,-0.007095704613598527
2019-08-30,0.0
2019-08-31,0.0
2019-09-01,0.0
2019-09-02,0.0
2019-09-03,-0.00981793949961551
2019-09-04,0.007677126029532165
2019-09-05,0.003209037530376553
2019-09-06,0.0
2019-09-07,0.0
2019-09-08,0.0
2019-09-09,-0.02832546149891365
2019-09-10,-0.0015951616093418783
2019-09-11,-0.0007019713701001829
2019-09-12,0.0017863440350570012
2019-09-13,0.0
2019-09-14,0.0
2019-09-15,0.0
2019-09-16,-0.007033698496333507
2019-09-17,0.002587186267689858
2019-09-18,-0.0005893037631303119
2019-09-19,-0.001770379520271202
2019-09-20,0.0
2019-09-21,0.0
2019-09-22,0.0
2019-09-23,0.007773782506855108
2019-09-24,0.0059983268532098205
2019-09-25,-0.003785073614182974
2019-09-26,0.0075165947423346535
2019-09-27,0.0
2019-09-28,0.0
2019-09-29,0.0
2019-09-30,-0.042233028423025676
2019-10-01,-0.012826885520978326
2019-10-02,0.007568922708443383
2019-10-03,-0.0012317454563146092
2019-10-04,0.0
2019-10-05,0.0
2019-10-06,0.0
2019-10-07,0.0010338189460260567
2019-10-08,0.0
2019-10-09,-0.010230284868908349
2019-10-10,0.012791901312892318
2019-10-11,0.0
2019-10-12,0.0
2019-10-13,0.0
2019-10-14,-0.002362549276804335
2019-10-15,0.003592330331965969
2019-10-16,0.007085983337739576
2019-10-17,0.004943951100428561
2019-10-18,0.0
2019-10-19,0.0
2019-10-20,0.0
2019-10-21,0.0047740306153152366
2019-10-22,-0.002685000013210043
2019-10-23,-0.007204536997583919
2019-10-24,0.0070533410872382525
2019-10-25,0.0
2019-10-26,0.0
2019-10-27,0.0
2019-10-28,0.005143504205052144
2019-10-29,-0.001020693085690784
2019-10-30,-0.0023257960949349342
2019-10-31,0.009163519415173462
2019-11-01,0.0
2019-11-02,0.0
2019-11-03,0.0
2019-11-04,-0.000908505030582415
2019-11-05,-0.013068498533237806
2019-11-06,0.007427838261527852
2019-11-07,0.007023081385559935
2019-11-08,0.0
2019-11-09,0.0
2019-11-10,0.0
2019-11-11,-0.004496758306904417
2019-11-12,-0.006975612038946924
2019-11-13,0.002695314345920082
2019-11-14,-0.0035826513459173205
2019-11-15,0.0
2019-11-16,0.0
2019-11-17,0.0
2019-11-18,0.0013996417778364533
2019-11-19,0.006417399093539116
2019-11-20,0.0024772713143956884
2019-11-21,-0.0005469889380713038
2019-11-22,0.0
2019-11-23,0.0
2019-11-24,0.0
2019-11-25,-0.006125002501419952
2019-11-26,0.014069706730715082
2019-11-27,0.0
2019-11-28,0.0
2019-11-29,0.0
2019-11-30,0.0
2019-12-01,0.0
2019-12-02,-0.0035093104908323625
2019-12-03,0.003547397575198055
2019-12-04,-0.003604698737610202
2019-12-05,0.01124599904724938
2019-12-06,0.0
2019-12-07,0.0
2019-12-08,0.0
2019-12-09,0.000316426199023473
2019-12-10,-0.0015883721449806703
2019-12-11,0.000988678019464948
2019-12-12,-0.003036182282322853
2019-12-13,0.0
2019-12-14,0.0
2019-12-15,0.0
2019-12-16,0.0006570681505747205
2019-12-17,-0.003559608735356745
2019-12-18,0.005734939520524233
2019-12-19,-0.0023723929561582095
2019-12-20,0.0
2019-12-21,0.0
2019-12-22,0.0
2019-12-23,0.001841563900704557
2019-12-24,0.0
2019-12-25,0.0
2019-12-26,-0.000391728276135872
2019-12-27,0.0
2019-12-28,0.0
2019-12-29,0.0
2019-12-30,0.0008940779051620495
2019-12-31,0.0
2020-01-01,0.0
2020-01-02,-0.02843127348491301
2020-01-03,0.0
2020-01-04,0.0
2020-01-05,0.0
2020-01-06,0.0
2020-01-07,0.00764323251593943
2020-01-08,0.004680767424947151
2020-01-09,0.0024898195234799125
2020-01-10,0.0
2020-01-11,0.0
2020-01-12,0.0
2020-01-13,0.0025858529199269675
2020-01-14,-0.0012218145415779193
2020-01-15,0.008523484474073962
2020-01-16,-0.007013672824451979
2020-01-17,0.0
2020-01-18,0.0
2020-01-19,0.0
2020-01-20,0.0
2020-01-21,-0.016537878228695773
2020-01-22,-0.0011781614936813164
2020-01-23,-0.0033123524760710456
2020-01-24,0.0
2020-01-25,0.0
2020-01-26,0.0
2020-01-27,-0.00572010645933302
2020-01-28,0.0
2020-01-29,0.0006254120973475479
2020-01-30,-0.00956902664884864
2020-01-31,0.0
2020-02-01,0.0
2020-02-02,0.0
2020-02-03,0.02028942825851728
2020-02-04,0.013311797986133148
2020-02-05,0.0013093104014576544
2020-02-06,-0.01121350252346165
2020-02-07,0.0
2020-02-08,0.0
2020-02-09,0.0
2020-02-10,0.007731501703168836
2020-02-11,0.008632776002361738
2020-02-12,0.00763178130312828
2020-02-13,0.001700708475466319
2020-02-14,0.0
2020-02-15,0.0
2020-02-16,0.0
2020-02-17,0.0
2020-02-18,0.027941482099713408
2020-02-19,0.030281832651888586
2020-02-20,0.007472753126384192
2020-02-21,0.0
2020-02-22,0.0
2020-02-23,0.0
2020-02-24,-0.0178825858302122
2020-02-25,-0.006123629745741698
2020-02-26,0.0003337666986605427
2020-02-27,0.013917775745002818
2020-02-28,0.0
2020-02-29,0.0
2020-03-01,0.0
2020-03-02,-0.004439659835787991
2020-03-03,0.020743146062245258
2020-03-04,0.020950158696020106
2020-03-05,0.0259666039561638
2020-03-06,0.0
2020-03-07,0.0
2020-03-08,0.0
2020-03-09,-0.02078544934798348
2020-03-10,-0.006862239101944726
2020-03-11,0.03594485424467667
2020-03-12,0.021803699887273577
2020-03-13,0.0
2020-03-14,0.0
2020-03-15,0.0
2020-03-16,-0.018505020150696543
2020-03-17,0.06271540292574532
2020-03-18,-0.014387895730520933
2020-03-19,0.0640915279053997
2020-03-20,0.0
2020-03-21,0.0
2020-03-22,0.0
2020-03-23,-0.12367740340036307
2020-03-24,-0.0029124109247579046
2020-03-25,0.04213870516669469
2020-03-26,0.01304718075747569
2020-03-27,0.0
2020-03-28,0.0
2020-03-29,0.0
2020-03-30,0.0186524534789277
2020-03-31,0.031975405633971346
2020-04-01,0.0026627558342945785
2020-04-02,0.019470886985614187
2020-04-03,0.0
2020-04-04,0.0
2020-04-05,0.0
2020-04-06,0.014578438313564757
2020-04-07,0.010209999148969964
2020-04-08,0.007842881431629542
2020-04-09,0.0
2020-04-10,0.0
2020-04-11,0.0
2020-04-12,0.0
2020-04-13,0.0017655201458494523
2020-04-14,0.002991695532461957
2020-04-15,0.0067537884650499085
2020-04-16,-0.018455260237314718
2020-04-17,0.0
2020-04-18,0.0
2020-04-19,0.0
2020-04-20,-0.027196568708022895
2020-04-21,-0.01456667907325981
2020-04-22,0.0005394304694817506
2020-04-23,0.006039144049016766
2020-04-24,0.0
2020-04-25,0.0
2020-04-26,0.0
2020-04-27,-0.003469265442129787
2020-04-28,0.010696334116172013
2020-04-29,-0.002155046337889472
2020-04-30,0.013430507131714906
2020-05-01,0.0
2020-05-02,0.0
2020-05-03,0.0
2020-05-04,0.0028089919158619985
2020-05-05,0.0032901420585621528
2020-05-06,0.00717486688740688
2020-05-07,0.005581972916211573
2020-05-08,0.0
2020-05-09,0.0
2020-05-10,0.0
2020-05-11,0.017143977820025188
2020-05-12,-0.001995366482155981
2020-05-13,0.004851751485859498
2020-05-14,0.006966577568093186
2020-05-15,0.0
2020-05-16,0.0
2020-05-17,0.0
2020-05-18,0.02366094420532217
2020-05-19,0.005168724780192242
2020-05-20,0.011249295996321827
2020-05-21,0.0013729531683246477
2020-05-22,0.0
2020-05-23,0.0
2020-05-24,0.0
2020-05-25,0.0
2020-05-26,-0.0038078041846841236
2020-05-27,0.01319672084410136
2020-05-28,0.00616351342024319
2020-05-29,0.0
2020-05-30,0.0
2020-05-31,0.0
2020-06-01,-0.019548279614965747
2020-06-02,0.0035328572190427105
2020-06-03,-0.005439564848103015
2020-06-04,0.0
